hr_estimated_bpm,sdnn_ms,rmssd_ms,pnn50_pct,lf_power,hf_power,lf_hf_ratio,motion_mean,motion_std,temp_mean,target_hr_bpm
76.46017699115045,30.17039443920619,19.136638615493577,0.0,1e-06,0.0,1.0,0.982476380820935,0.04324443392259594,33.508038414867315,72.0
79.63133640552996,20.54194369131811,13.531646934131853,0.0,1e-06,0.0,1.0,0.9777912457809945,0.04222731221523092,33.50884798802855,73.25600878989623
81.52866242038216,24.65583412196797,11.646187382811403,0.0,1e-06,0.0,1.0,0.9760990766918152,0.04113202656556978,33.51464955417356,74.50825088903973
84.02625820568927,19.825902406952377,10.416666666666666,0.0,1e-06,0.0,1.0,0.973434690302417,0.04130560604847724,33.51589282475952,75.7529742843951
86.68171557562077,19.825902406952377,10.416666666666666,0.0,1e-06,0.0,1.0,0.9763043823880084,0.043654390278979056,33.5209744834725,76.98645625995294
88.73949579831933,23.1669125430399,14.823176532039279,0.0,1e-06,0.0,1.0,0.9788046578871147,0.04402608111312143,33.53121176241798,78.2050179007315
90.83870967741936,21.164296059305883,23.175620272173948,0.0,1e-06,0.0,1.0,0.9821257371957753,0.044113246648582426,33.537317249440406,79.40503842400459
92.63157894736842,18.079434746246953,23.696485762661094,0.0,1e-06,0.0,1.0,0.9835107518640381,0.04247939913417599,33.545607959295964,80.58296928122681
94.62012320328542,16.210806768214493,22.09708691207961,0.0,1e-06,0.0,1.0,0.982644415253106,0.04107135009020566,33.55200401358046,81.7353479750317
96.40167364016736,14.023866685246103,13.325044772225652,0.0,1e-06,0.0,1.0,0.981737700920324,0.04110530980054858,33.55250678278564,82.85881153680317
97.8343949044586,14.440802742720594,12.4644380502729,0.0,1e-06,0.0,1.0,0.981854928501612,0.04039827190325355,33.55606915630521,83.95010961165974
99.52483801295895,10.001491859203917,12.4644380502729,0.0,1e-06,0.0,1.0,0.9824717519148158,0.040490382389176044,33.55919178982734,85.0061170992412
100.6113537117904,8.637043724883855,11.539827279312444,0.0,1e-06,0.0,1.0,0.9835014462000036,0.041106800402199876,33.56026484274493,86.02384630043896
101.72185430463576,11.276372445109878,14.89785295696238,0.0,1e-06,0.0,1.0,1.0863862254148933,0.23800949180658476,33.567521361072295,87.00045852216293
102.50513347022587,9.911311600042454,16.26301562082916,0.0,1e-06,0.0,1.0,1.2484203446128106,0.31912249431025475,33.5727397530229,87.93327509437484
103.5505617977528,10.001491859203917,16.98616582826903,0.0,1e-06,0.0,1.0,1.4091651702434818,0.31014689443735083,33.576848978583286,88.81978775593855
103.78378378378379,10.615097195105585,19.661027175184245,0.0,1e-06,0.0,1.0,1.573379519356414,0.19632170468835966,33.58512630474901,89.65766836832852
104.25339366515837,8.637043724883855,16.319780245846673,0.0,1e-06,0.0,1.0,1.6345912438410428,0.05619230599231198,33.587660914028575,90.44477791888984
104.43514644351465,8.994368718206589,16.26301562082916,0.0,1e-06,0.0,1.0,1.6356810576474876,0.05467892957989752,33.58942823693093,91.1791747781475
104.01805869074492,7.703228884244292,13.325044772225652,0.0,1e-06,0.0,1.0,1.6361240617078232,0.05535115419359558,33.59325584661822,91.85912217860614
104.0,7.409151445876174,11.933790872280834,0.0,1e-06,0.0,1.0,1.6331389868163302,0.05468286532949155,33.59664363016229,92.48309488555374
103.5505617977528,7.703228884244292,13.325044772225652,0.0,1e-06,0.0,1.0,1.6336372492404698,0.051497671979416515,33.60084883668179,93.04978503357196
102.9278350515464,7.211538461538462,7.8125,0.0,1e-06,0.0,1.0,1.6338883924845595,0.05135052226172354,33.60634216921777,93.55810710574757
102.29508196721311,7.789351800970986,7.8125,0.0,1e-06,0.0,1.0,1.635649978460723,0.05224841703441505,33.612445027904954,94.00720203596327
101.05263157894737,9.021097956087901,10.534372850988158,0.0,1e-06,0.0,1.0,1.6367318497595043,0.05170212670975602,33.614462233004744,94.39644041810702
99.95661605206074,7.703228884244292,8.159890122923336,0.0,1e-06,0.0,1.0,1.636604501969234,0.053418473794838384,33.620730744871224,94.72542480956251
98.46153846153847,11.048543456039805,9.422229518055113,0.0,1e-06,0.0,1.0,1.6354505387331246,0.053783951863050176,33.626437801102284,94.99399111991913
97.01052631578946,13.46885473019349,8.159890122923336,0.0,1e-06,0.0,1.0,1.6340936631422747,0.05077144942848319,33.62709449974366,95.20220907944893
95.60165975103735,14.023866685246105,12.4644380502729,0.0,1e-06,0.0,1.0,1.6335095648988363,0.05062849608634366,33.632979105851604,95.35038178552996
93.45132743362832,15.560299929124039,13.07281291459493,0.0,1e-06,0.0,1.0,1.633621517480519,0.051071529540843486,33.63550430996388,95.43904432883421
91.62689804772234,16.926669442916168,14.823176532039279,0.0,1e-06,0.0,1.0,1.6328406366233807,0.053327338053875094,33.64061380351365,95.46896150473027
89.87234042553192,20.088260829163282,18.4877493221863,0.0,1e-06,0.0,1.0,1.63322064723129,0.05275040584752259,33.64741931961207,95.44112461896029
87.45341614906832,21.54225978423736,19.764235376052373,0.0,1e-06,0.0,1.0,1.6306954786730032,0.05413973979712626,33.64968217607759,95.35674740022587
85.52338530066815,20.3125,19.48779888944761,0.0,1e-06,0.0,1.0,1.6290466185959125,0.05405298717620448,33.65797365603619,95.2172610358416
82.93736501079914,22.152260748059103,18.77891289304161,0.0,1e-06,0.0,1.0,1.6325059932476753,0.053838591356089024,33.66213046332825,95.02430835007576
80.50314465408805,26.192272834750327,15.625,0.0,1e-06,0.0,1.0,1.6325658195894266,0.053057379658707916,33.664981223059414,94.77973714818093
78.19004524886878,22.6361194625092,15.625,0.0,1e-06,0.0,1.0,1.637261472539652,0.05232767396809481,33.67006133224584,94.48559275241013
76.03960396039604,23.4375,16.703827619526525,0.0,1e-06,0.0,1.0,1.6386834054351689,0.050672900322787484,33.671368424611316,94.14410975950203
73.22033898305085,32.2000642204712,19.136638615493577,0.0,1e-06,0.0,1.0,1.6396768747451553,0.04835774255900152,33.678132783833554,93.75770305219199
70.78341013824885,32.91464755147015,27.063293868263706,0.0,1e-06,0.0,1.0,1.6397667458973835,0.05017007787523827,33.68443336980278,93.3289581002491
68.87892376681614,32.91464755147015,27.063293868263706,0.0,1e-06,0.0,1.0,1.6362626349049254,0.04988641282624901,33.68943849741531,92.86062058934296
66.37037037037037,29.443986514002052,27.80489128133154,0.0,1e-06,0.0,1.0,1.6372120268846162,0.04926005259411169,33.69819951077658,92.35558541869719
64.1527446300716,31.724710722214052,21.156350012072814,0.0,1e-06,0.0,1.0,1.6358029612575105,0.051370752606037615,33.70068746125226,91.81688511097663
62.07852193995381,35.85352322368083,24.705294220065465,0.0,1e-06,0.0,1.0,1.6364896879518869,0.04957506145488227,33.70723804666625,91.24767768017588
59.733333333333334,40.671578478322765,28.5272165367274,0.0,1e-06,0.0,1.0,1.6405602857987964,0.04887226533880016,33.713199186560345,90.65123400541442
57.80645161290322,39.046552867267636,27.063293868263706,0.0,1e-06,0.0,1.0,1.6395596936076147,0.04984975352158127,33.71654888259589,90.03092476049402
55.767634854771785,32.80566619798899,27.80489128133154,0.0,1e-06,0.0,1.0,1.6369364816520435,0.04903544250857865,33.71938326082413,89.39020695082752
54.33962264150943,29.46278254943948,30.45873232752801,0.0,1e-06,0.0,1.0,1.6350339908114628,0.049816727624491,33.72087871013026,88.73261011089619
52.48291571753986,43.65378805791722,34.232659844072884,0.0,1e-06,0.0,1.0,1.6319660919305172,0.04917452899398767,33.72563430103037,88.06172221673381
50.97345132743363,38.97559777889523,40.745015032516555,16.666666666666664,1e-06,0.0,1.0,1.6357418249353373,0.050186403692079065,33.72771067118417,87.38117536905891
49.6124031007752,28.980057798424074,36.643873123620544,20.0,1e-06,0.0,1.0,1.635540623211112,0.04883952859370208,33.73273961286411,86.69463130358248
48.85496183206107,28.980057798424074,33.14563036811941,20.0,1e-06,0.0,1.0,1.6375229209644284,0.04966070700166651,33.738999517382524,86.00576678569962
47.880299251870326,22.963966338592293,33.14563036811941,20.0,1e-06,0.0,1.0,1.6386842448590975,0.05182366335136954,33.7387771481709,85.31825894722996
47.64267990074442,21.19478119726646,40.59494080239556,20.0,1e-06,0.0,1.0,1.6326938885127378,0.05283262850649164,33.741743912365635,84.63577062310051
47.05882352941177,15.934435979977453,25.911131174651562,0.0,1e-06,0.0,1.0,1.635397798172673,0.0547063680536188,33.7480471707433,83.96193574586351
47.29064039408867,11.692679333668567,13.531646934131853,0.0,1e-06,0.0,1.0,1.6317350687949892,0.055830401421090886,33.754002683545465,83.30034485571508
47.05882352941177,25.387620014487375,46.21937330546575,20.0,1e-06,0.0,1.0,1.634270494500071,0.0546477903964356,33.76528849696729,82.65453078322257
47.407407407407405,29.646353064078557,46.21937330546575,20.0,1e-06,0.0,1.0,1.6381942272142709,0.05278987914108223,33.770078882971625,82.02795456128818
48.36272040302267,37.759518667483036,42.790824805091106,20.0,1e-06,0.0,1.0,1.6385861114351346,0.05262076226105063,33.77147937586001,81.42399162197069
49.54838709677419,21.631832976349155,22.09708691207961,0.0,1e-06,0.0,1.0,1.642888273983559,0.049376856266235905,33.773852164524484,80.84591833266259
50.86092715231788,30.922765851661243,22.09708691207961,0.0,1e-06,0.0,1.0,1.640283298518228,0.048993909805441924,33.77822427810588,80.29689892478126
52.17391304347826,36.443449342783126,32.211762700137974,0.0,1e-06,0.0,1.0,1.6381645624249848,0.05008993164339817,33.78421077951763,79.77997286658241
53.957845433255265,42.71150902827272,29.646353064078557,0.0,1e-06,0.0,1.0,1.6370211293790027,0.04901638335319237,33.793092523465816,79.29804272995192
56.058394160583944,40.09063624567878,29.646353064078557,0.0,1e-06,0.0,1.0,1.6366421297352374,0.05148279128270305,33.79743262181002,78.8538625990817
58.47715736040609,35.70653437708877,25.194555463432966,0.0,1e-06,0.0,1.0,1.6366934448308288,0.05368819343126039,33.79661972166511,78.45002706679716
61.79310344827586,50.40888299391167,27.063293868263706,0.0,1e-06,0.0,1.0,1.6383695152351174,0.052544023095718095,33.80030277592196,78.08896086198362
63.86694386694387,50.89380554998196,28.931878117892232,0.0,1e-06,0.0,1.0,1.6392965997744509,0.052303861232080855,33.8010890893522,77.7729091490687
66.78260869565217,44.879395676078346,26.411070460266142,0.0,1e-06,0.0,1.0,1.6356110498447536,0.053777300331952965,33.80632914207874,77.50392853786481
71.27610208816705,40.92251335890032,24.349803827311863,0.0,1e-06,0.0,1.0,1.6354389582341213,0.05370627660197122,33.81212995055739,77.28387883927236
74.38256658595641,37.41649230599222,17.717084672307525,0.0,1e-06,0.0,1.0,1.6342815090203757,0.05391404707462212,33.81442485966146,77.11441559940008
78.0135440180587,40.86320241645771,17.469281074217108,0.0,1e-06,0.0,1.0,1.6349109458396383,0.0528009736220747,33.819238232497185,76.99698344158716
81.87633262260128,37.92081593597374,15.625,0.0,1e-06,0.0,1.0,1.637382337706201,0.05144747627647294,33.82403501320809,76.93281024262248
86.68171557562077,37.00849775727191,19.48779888944761,0.0,1e-06,0.0,1.0,1.6398727107701445,0.050884473614119206,33.83150027020075,76.92290216616422
91.62689804772234,34.90967536205826,19.136638615493577,0.0,1e-06,0.0,1.0,1.6402899876404988,0.05032500869170179,33.838045349807786,76.9680395729798
96.0,31.25,17.81524101717403,0.0,1e-06,0.0,1.0,1.638397382338518,0.0508238653098834,33.842588010665985,77.0687738241653
100.44265593561367,33.091105523885105,14.959798558692782,0.0,1e-06,0.0,1.0,1.6391984002242215,0.04878748408028636,33.8462033702468,77.2254249899789
105.44622425629291,27.40568382792863,10.534372850988158,0.0,1e-06,0.0,1.0,1.6381602669868045,0.0466001382995676,33.848655585257404,77.438080473349
110.19867549668875,26.60570146776281,14.959798558692782,0.0,1e-06,0.0,1.0,1.638146096702201,0.04744243169684848,33.85201104654109,77.70659455350716
115.11777301927195,24.06680653219623,15.625,0.0,1e-06,0.0,1.0,1.6393077424463418,0.04841684717806592,33.85514778670618,78.03058885156447
121.00840336134455,24.517921449874628,16.173411547086427,0.0,1e-06,0.0,1.0,1.638785873306151,0.04951227079162267,33.85668576221251,78.40945371621139
126.3157894736842,22.678688601122126,16.703827619526525,0.0,1e-06,0.0,1.0,1.6370039875552445,0.0512024813593473,33.86066935883265,78.84235052408906
131.28205128205127,21.035800027869158,16.137430609197573,0.0,1e-06,0.0,1.0,1.6402092045683896,0.05219344841859761,33.8655935759031,79.32821488577058
136.85534591194968,19.669976616757996,15.625,0.0,1e-06,0.0,1.0,1.6366182062548535,0.05257354333006485,33.8722858420813,79.86576074471589
141.93018480492813,17.640973466060395,13.127625787762593,0.0,1e-06,0.0,1.0,1.6358782010603168,0.05207209239874562,33.87744957757416,80.45348535303955
146.50602409638554,16.488435572173866,11.048543456039805,0.0,1e-06,0.0,1.0,1.6360200510056546,0.05115784212978572,33.88503806078611,81.0896751044703
152.0,15.903848360044174,12.21462437454018,0.0,1e-06,0.0,1.0,1.6310644333737394,0.04777993139087406,33.889642503669776,81.77241220149757
157.05521472392638,15.209314323384207,12.924534247945486,0.0,1e-06,0.0,1.0,1.63151392498794,0.04856050516124649,33.892499660969236,82.49958213040802
161.68421052631578,13.865811991639726,11.888842347698157,0.0,1e-06,0.0,1.0,1.6320326327873869,0.048308222245755046,33.899007293753925,83.26888191472631
166.61157024793388,14.038662398893756,14.405538214520137,0.0,1e-06,0.0,1.0,1.6334668312452085,0.050323535645047414,33.90377449108497,84.07782911450191
170.66666666666666,12.239835184385004,12.757759076995718,0.0,1e-06,0.0,1.0,1.6336733875924632,0.05310914850284491,33.90768669493852,84.92377153594023
175.26970954356847,11.452070665196802,12.757759076995718,0.0,1e-06,0.0,1.0,1.633094844655271,0.052346237427985484,33.911319587152,85.80389761307208
178.7854251012146,11.162823862197678,12.4644380502729,0.0,1e-06,0.0,1.0,1.6317811725870972,0.051623797783108744,33.91610933561148,86.71524742050352
182.4793388429752,9.750475607613671,12.011033043528242,0.0,1e-06,0.0,1.0,1.6299898424499446,0.0503045499512612,33.91563185591724,87.65472427379675
186.5587044534413,8.926633594272193,10.302819896809172,0.0,1e-06,0.0,1.0,1.6330748926965062,0.04814289389485667,33.92013179044886,88.61910687171363
189.62962962962962,8.13150781041458,10.805688668876947,0.0,1e-06,0.0,1.0,1.6332922948183026,0.04765864379716521,33.92287051106594,89.60506193241415
192.7710843373494,8.75,11.048543456039805,0.0,1e-06,0.0,1.0,1.6363974017138505,0.051445774583723056,33.92732545953346,90.60915727375298
195.6687898089172,7.5644205980613615,10.805688668876947,0.0,1e-06,0.0,1.0,1.6357427933885096,0.05010818911924285,33.93088742730504,91.62787528606367
197.53086419753086,7.756046028744286,12.352647110032732,0.0,1e-06,0.0,1.0,1.6337607419384415,0.051445359201109854,33.93563793442423,92.65762674427113
199.68,6.583203816167862,10.825317547305483,0.0,1e-06,0.0,1.0,1.6365359322029756,0.051965157887663885,33.93929780202271,93.6947649048335
200.836820083682,5.0775240028974755,7.8125,0.0,1e-06,0.0,1.0,1.632376832185778,0.05296074849640699,33.943170521795025,94.73559983188973
185.93684210526314,81.33470392095408,87.37816192744147,8.695652173913043,1e-06,0.0,1.0,1.634625384903523,0.05304223739054408,33.94728650120925,95.77641289608474
179.5121951219512,96.5104389561291,121.67086633992992,17.391304347826086,1e-06,0.0,1.0,1.6375511484146075,0.054073790653986036,33.951388325067924,96.81347138886176
171.70731707317074,109.73413588538617,150.45040266052558,27.27272727272727,1e-06,0.0,1.0,1.638975107241449,0.05240924686727766,33.957381183738214,97.84304319455597
156.4154786150713,130.86578808912395,159.66659341462628,30.0,1e-06,0.0,1.0,1.642162134217616,0.04746738075524077,33.960809280896,98.86141146239426
162.0253164556962,123.73382154346483,158.29257035296183,30.0,1e-06,0.0,1.0,1.6420829303858269,0.04882748276336409,33.965774901352155,99.86488922050675
170.3225806451613,110.3575261338354,123.22021638590998,18.181818181818183,1e-06,0.0,1.0,1.5798162361515895,0.194444190231306,33.96985254298613,100.84983387428392
183.61746361746364,80.32408290139918,85.71122069059994,8.695652173913043,1e-06,0.0,1.0,1.4151739085657635,0.3138150252229123,33.97466590273911,101.81266153186886
197.93814432989691,7.654655446197432,11.49968862803105,0.0,1e-06,0.0,1.0,1.2521884999139705,0.3237129541503067,33.97573668359311,102.74986110025702
195.6687898089172,7.5644205980613615,10.805688668876947,0.0,1e-06,0.0,1.0,1.0872294329792793,0.24173854230803918,33.9776595376035,103.65800809637936
192.7710843373494,8.75,11.048543456039805,0.0,1e-06,0.0,1.0,0.98143608910373,0.04087610278815912,33.98171274642098,104.53377811867088
189.24024640657083,8.413312489140681,9.77411315892538,0.0,1e-06,0.0,1.0,0.9810433031426453,0.04190501168252491,33.98335323307715,105.37395992596456
185.8064516129032,9.743899444723805,10.805688668876947,0.0,1e-06,0.0,1.0,0.9785881898201407,0.04532377603390511,33.99077348160826,106.17546807210117
180.98360655737704,11.245207443781826,13.735141765492695,0.0,1e-06,0.0,1.0,0.9787669212753831,0.042731395149082294,33.99900895355512,106.93535504639799
177.10691823899373,12.803804245255643,13.638618139749523,0.0,1e-06,0.0,1.0,0.983541246724935,0.04309080783675336,34.00416792460854,107.65082287206903
171.70731707317074,13.771817776750934,13.638618139749523,0.0,1e-06,0.0,1.0,0.984015217528909,0.042097896586183396,34.010719068991776,108.31923411682888
166.61157024793388,15.60727452634154,14.405538214520137,0.0,1e-06,0.0,1.0,0.9830278758071671,0.038676672349660886,34.009896867307624,108.93812227223097
160.6694560669456,17.044862679118303,14.779770358233083,0.0,1e-06,0.0,1.0,0.9836619248331837,0.03991237486677379,34.01490900697223,109.50520146078267
155.15151515151516,19.686879950553365,16.81336208903032,0.0,1e-06,0.0,1.0,0.9781508225097402,0.04088368191332428,34.01873771522424,110.01837543253177
148.6451612903226,19.661027175184245,16.947692017082513,0.0,1e-06,0.0,1.0,0.9759767936410813,0.0409709866847654,34.0217258986205,110.475745815623
141.93018480492813,24.690039328694258,16.077992357110205,0.0,1e-06,0.0,1.0,0.9747734066933587,0.042366453085185836,34.028930507811936,110.87561958826679
134.87603305785123,26.31952401337565,11.71875,0.0,1e-06,0.0,1.0,0.9765580753565374,0.04285913285825799,34.0320501819107,111.216515742635
127.4688796680498,30.695768838870528,13.380450602776177,0.0,1e-06,0.0,1.0,0.9799817505174964,0.042090807899754425,34.03517020296484,111.49717111438727
120.26845637583892,33.64913712428869,14.372909546996873,0.0,1e-06,0.0,1.0,0.9855165225129642,0.04311287276918243,34.03912982475832,111.71654535482361
112.23382045929017,40.99189212546196,17.33438113203841,0.0,1e-06,0.0,1.0,0.9876226806554702,0.0408498160615953,34.043479900023186,111.87382502604267
104.43514644351465,48.703845166718295,22.09708691207961,0.0,1e-06,0.0,1.0,0.9860963375660432,0.041880132467077245,34.04551463642481,111.96842680294573
95.80041580041579,57.924417759206314,23.555573795137786,0.0,1e-06,0.0,1.0,0.9848443295466076,0.04273181745367174,34.05083062201953,111.9999997694506
87.67123287671232,65.4760213742405,31.25,10.0,1e-06,0.0,1.0,0.978625319034736,0.04197885975335055,34.05772337080077,111.96842679985443
80.37209302325581,78.56742013183862,37.46743377588062,22.22222222222222,1e-06,0.0,1.0,0.9788140127875594,0.04492696848687059,34.06424656852151,111.87382501989445
72.11267605633803,91.69292651801173,43.797805514170946,25.0,1e-06,0.0,1.0,0.9764379476033922,0.04391346892081349,34.0705153871599,111.71654534568707
62.51162790697675,130.69001043128972,70.74519639169857,42.857142857142854,1e-06,0.0,1.0,0.9763753416867055,0.04169584047653671,34.074688092037604,111.4971711023647
56.609336609336616,134.83951527082937,79.05694150420949,50.0,1e-06,0.0,1.0,0.9807688847597207,0.044293740035389176,34.08046532807343,111.21651572786176
47.407407407407405,156.64013793565172,160.61608276155494,75.0,1e-06,0.0,1.0,0.9808775877746692,0.043501606805425905,34.08459546275705,110.87561957091039
41.513513513513516,244.1953063763716,228.57404434887178,75.0,1e-06,0.0,1.0,0.9839152033914362,0.04307561821039051,34.0898068721494,110.475745795882
32.45070422535211,288.2049027553525,355.7905480229906,66.66666666666666,1e-06,0.0,1.0,0.9861958652540265,0.04449214623780569,34.092989958715,110.01837541063448
70.0,0.0,0.0,0.0,1e-06,0.0,1.0,0.9832554556156874,0.03982065835645066,34.094486066626715,109.50520143698566
70.0,0.0,0.0,0.0,1e-06,0.0,1.0,0.9876125179307351,0.03845532898712622,34.09486391980619,108.93812224681734
70.0,0.0,0.0,0.0,1e-06,0.0,1.0,0.9858431531178403,0.03918293228238148,34.09486296963051,108.31923409010636
70.0,0.0,0.0,0.0,1e-06,0.0,1.0,0.9859244043348475,0.038787388815358044,34.094472247603214,107.65082284436794
70.0,0.0,0.0,0.0,1e-06,0.0,1.0,0.9878197662840769,0.04105362933033997,34.09646983548331,106.93535501806903
41.43884892086331,222.9264016565906,287.26212985703495,66.66666666666666,1e-06,0.0,1.0,0.9855929699234933,0.04024346308472948,34.099472650514215,106.17546804351309
39.45205479452055,323.0846337348088,541.7167444799911,66.66666666666666,1e-06,0.0,1.0,0.9835799146077235,0.03979730567952006,34.10608843328825,105.37395989750159
38.78787878787879,283.4118304252665,484.7948449258373,75.0,1e-06,0.0,1.0,0.9827102368985476,0.04090509753900758,34.11036468079514,104.53377809073014
36.83453237410072,219.41166671849402,233.33100817293874,75.0,1e-06,0.0,1.0,0.9824776281939447,0.03965373150581417,34.116719018306895,103.65800806936815
41.06951871657754,136.43944684822642,127.89613706050703,75.0,1e-06,0.0,1.0,0.9828675014145305,0.039855810702107086,34.12120251877331,102.74986107458997
45.283018867924525,134.1931909598993,115.08531142700184,80.0,1e-06,0.0,1.0,0.9882855443630822,0.041002992121645314,34.12390119913354,101.81266150796515
49.6551724137931,99.50506861741042,57.62215285808055,66.66666666666666,1e-06,0.0,1.0,0.988711974616981,0.04066410748115987,34.13235253670379,100.84983385256415
54.21176470588236,77.82058748689549,48.9139870078079,33.33333333333333,1e-06,0.0,1.0,0.9855997111274225,0.04257987362568902,34.13493135014601,99.86488920139008
56.94915254237288,65.68722754268822,37.19493973199401,14.285714285714285,1e-06,0.0,1.0,0.9836116904064119,0.043316894044129445,34.13713493233216,98.86141144629534
60.0,44.19417382415922,27.80489128133154,0.0,1e-06,0.0,1.0,0.9813616797601508,0.04045404736246604,34.14231338593066,97.84304318188195
62.36658932714617,27.51970537039722,18.042195912175803,0.0,1e-06,0.0,1.0,0.9783330132210248,0.03968094889082956,34.14309728695325,96.81347138000929
63.69668246445498,23.197109029940318,18.042195912175803,0.0,1e-06,0.0,1.0,0.9802049564983142,0.03761458113926378,34.147941500408265,95.7764128914369
65.40145985401459,18.13401429606241,16.876928902103803,0.0,1e-06,0.0,1.0,0.9809407962524237,0.0373574371187621,34.15467069699268,94.73559983181323
65.78158458244111,15.502449088269085,18.6754470208499,0.0,1e-06,0.0,1.0,0.9799638236172471,0.03888143736777268,34.15560825739712,93.69476490967568
66.06451612903226,12.197261715621872,19.58697407900027,0.0,1e-06,0.0,1.0,0.9824462433926234,0.039812832435820414,34.16203413993319,92.65762675435724
65.36170212765957,18.73371688794031,24.349803827311863,0.0,1e-06,0.0,1.0,0.982913266000083,0.04230676626797712,34.16329218297245,91.62787530169408
64.30622009569377,21.641427934894324,25.515518153991437,0.0,1e-06,0.0,1.0,0.9836868616592543,0.041497018514730914,34.16812105320476,90.60915729520069
62.51162790697675,35.29327745723638,27.80489128133154,0.0,1e-06,0.0,1.0,0.9848375341842488,0.042222851574197036,34.1723190071492,89.60506195992227
60.40449438202247,44.0812894154721,23.86758174456167,0.0,1e-06,0.0,1.0,0.9844164248706633,0.041045301584391555,34.17732840722014,88.6191069054931
56.94915254237288,66.74069815949132,37.737960276535,14.285714285714285,1e-06,0.0,1.0,0.9853216064160767,0.0402222533369134,34.18375528726327,87.6547243140242
54.46808510638298,70.3125,40.745015032516555,16.666666666666664,1e-06,0.0,1.0,0.9841650679388141,0.0406440507540254,34.18541232450812,86.71524746731917
49.54838709677419,109.28195447061087,70.57243619147634,33.33333333333333,1e-06,0.0,1.0,0.9842130785570409,0.04090361672277589,34.19010224272355,85.80389766657808
44.96487119437939,150.0650900442871,129.08368470201802,40.0,1e-06,0.0,1.0,0.9837405704933431,0.042470401253687375,34.1907221638566,84.92377159619893
39.38461538461539,187.0110813060285,174.45973150462737,50.0,1e-06,0.0,1.0,0.9807123147866765,0.04407666431505751,34.193292664587275,84.07782918153457
34.51685393258427,299.2044709386668,283.84222069663986,75.0,1e-06,0.0,1.0,0.9795100905091246,0.04532034170234453,34.197843658525514,83.26888198851181
33.00859598853868,293.7980161702178,578.441636262899,66.66666666666666,1e-06,0.0,1.0,0.979593680657958,0.04391304095184502,34.20079075638273,82.49958221088204
34.5945945945946,321.9912815848694,511.2265046557152,66.66666666666666,1e-06,0.0,1.0,0.9793254286883317,0.04204406819762576,34.203440211961635,81.77241228855173
39.79274611398964,39.0625,78.125,50.0,1e-06,0.0,1.0,0.9824132102787473,0.039703291153129386,34.20929273643022,81.0896751979518
70.0,0.0,0.0,0.0,1e-06,0.0,1.0,0.9858104871243578,0.03847934212666228,34.21142704552576,80.45348545275088
70.0,0.0,0.0,0.0,1e-06,0.0,1.0,0.985052654050763,0.0390448505110869,34.21725564411602,79.86576085041484
33.391304347826086,421.875,843.75,50.0,1e-06,0.0,1.0,0.9869517765128393,0.04129550427144773,34.22371295739182,79.32821499717059
35.44615384615385,374.6381355907176,601.6132283805767,66.66666666666666,1e-06,0.0,1.0,0.9838341452123608,0.04376031400897493,34.2256599088271,78.84235064085966
38.11414392059553,179.6450357432331,277.90253274904376,75.0,1e-06,0.0,1.0,0.9852147276937581,0.0437592847447245,34.23166269326195,78.40945383797907
38.5929648241206,202.97470401197782,315.6095293238149,75.0,1e-06,0.0,1.0,0.9806383313758373,0.044087231171776965,34.23532499640113,78.03058897791367
47.261538461538464,198.98883792109422,192.21502174214515,75.0,1e-06,0.0,1.0,0.9795357354465775,0.04226478036532592,34.24019892307908,77.70659468398154
57.88944723618091,154.59189666308157,98.82117688026186,66.66666666666666,1e-06,0.0,1.0,0.9831827511774569,0.0397303589505096,34.24461970147238,77.43808060745309
64.61538461538461,129.07885977500857,71.032196338468,42.857142857142854,1e-06,0.0,1.0,0.9811324890879117,0.03903411801843962,34.245859310211685,77.22542512717979
75.11002444987776,98.02664133851253,49.76226966430347,25.0,1e-06,0.0,1.0,0.9883545041635842,0.038576957545370834,34.245111227115686,77.06877396389476
82.05128205128206,93.95810236483068,43.576043048649765,20.0,1e-06,0.0,1.0,0.987791555720265,0.03771882658371995,34.24782991477554,76.96803971463642
93.86666666666666,70.96588634543635,32.40068961457457,9.090909090909092,1e-06,0.0,1.0,0.9877961863486342,0.039899392468875826,34.24734817511008,76.92290230911598
102.50513347022587,61.474576214155874,24.290049617418788,0.0,1e-06,0.0,1.0,0.9845176625837319,0.04179529845604258,34.25419495804192,76.93281038620941
111.76715176715177,51.01069143761803,20.78319286753676,0.0,1e-06,0.0,1.0,0.9818288091890459,0.04454556425813892,34.26055015845219,76.99698358512424
123.07692307692308,38.780230143721425,11.048543456039805,0.0,1e-06,0.0,1.0,0.9821535775101669,0.046122270413876086,34.26485622464903,77.11441574218031
131.34808853118713,37.33473531542261,11.048543456039805,0.0,1e-06,0.0,1.0,0.9797624978334659,0.04443207355019773,34.27230731476092,77.28387898057001
140.77393075356414,30.282575594639596,10.02638981124606,0.0,1e-06,0.0,1.0,0.9823460933487066,0.04368566565948162,34.27561216862941,77.50392867693883
148.89795918367346,26.622391539866193,9.743899444723805,0.0,1e-06,0.0,1.0,0.9821351567247418,0.04069119381810294,34.27893604454185,77.77290928516624
158.02469135802468,23.228232417685163,10.753862525182583,0.0,1e-06,0.0,1.0,0.9811860725519035,0.040598347110927364,34.28033292640175,78.08896099434381
166.95652173913044,19.881531571260993,11.048543456039805,0.0,1e-06,0.0,1.0,0.9799292228422658,0.04091802238188931,34.28476244731512,78.45002719465478
174.18556701030928,17.925325943357898,10.782274364724286,0.0,1e-06,0.0,1.0,0.9821206097653911,0.03971072051513013,34.28544438701452,78.85386272167116
180.98360655737704,15.251320870002475,9.99378357916924,0.0,1e-06,0.0,1.0,0.9781717039110804,0.04166333046740802,34.28949419802885,79.29804284651114
188.46625766871165,13.38995039140829,10.302819896809172,0.0,1e-06,0.0,1.0,0.9766544290927752,0.040645916852427674,34.293986976261834,79.77997297635686
186.9371196754564,54.86933435974595,83.44648115643525,8.333333333333332,1e-06,0.0,1.0,0.9793884571867324,0.04112686244733559,34.294973448524445,80.29689902702802
169.97987927565393,104.56755031447692,104.70471162705508,13.636363636363635,1e-06,0.0,1.0,0.9785494850048675,0.04166253805502757,34.2971768037951,80.84591842665439
152.38095238095238,127.28382409010189,139.66227474462139,25.0,1e-06,0.0,1.0,0.9819987709232951,0.038905442445146925,34.30173728827677,81.42399170699997
124.62474645030426,157.72920430944248,189.2711486421883,43.75,1e-06,0.0,1.0,0.9851762453908408,0.04015075474870291,34.30200780015852,82.02795463667107
106.8950749464668,180.6086899640561,191.8972231972973,46.15384615384615,1e-06,0.0,1.0,0.986183144943424,0.042767391396847154,34.30564009456434,82.65453084830294
96.80672268907564,120.91861214837395,170.25319547127984,33.33333333333333,1e-06,0.0,1.0,0.9834882777353083,0.042583761626476015,34.31574934921858,83.30034490986841
98.04255319148936,116.37449464325171,161.00712858300858,33.33333333333333,1e-06,0.0,1.0,0.9828437817111375,0.041498619120850094,34.31825119248575,83.96193578850075
95.40372670807453,127.43797638663615,219.45907803464905,58.333333333333336,1e-06,0.0,1.0,0.9823321036706921,0.041317525149252916,34.32340202907881,84.63577065367166
100.2409638554217,111.90155588757098,188.63588230702555,46.15384615384615,1e-06,0.0,1.0,0.9802347085999872,0.03794657793257245,34.326037533404474,85.31825896522781
96.20041753653446,125.56161811467861,214.34277852203337,58.333333333333336,1e-06,0.0,1.0,0.9804090338738234,0.03781811173729096,34.321401701941454,86.0057667906631
99.74025974025975,116.14116208842583,179.8881044250463,41.66666666666667,1e-06,0.0,1.0,0.9793434828069869,0.04064655655424795,34.321277756062344,86.6946312951
103.78378378378379,97.09574725298418,156.25,30.76923076923077,1e-06,0.0,1.0,0.978516765673125,0.04099137486465016,34.32448877526214,87.3811753467713
99.2445328031809,119.84324312032629,138.3643523831795,23.076923076923077,1e-06,0.0,1.0,0.9769400475322443,0.0419331885357725,34.32717677433122,88.0617221803373
93.84928716904278,133.87417773569973,187.85477798990465,41.66666666666667,1e-06,0.0,1.0,0.980083930976931,0.04234640969144779,34.3371707342279,88.73261006014508
100.2409638554217,148.02696459942933,177.86668038051235,38.46153846153847,1e-06,0.0,1.0,0.9834517329277144,0.040464182218476426,34.34318231531863,89.39020688553649
117.31160896130346,202.31944968841287,235.26616291067927,46.666666666666664,1e-06,0.0,1.0,0.9851739560426909,0.042121010860369956,34.34809185676352,90.03092468054044
148.6451612903226,160.72160546051532,203.61930804885404,33.33333333333333,1e-06,0.0,1.0,0.9865045420217003,0.04216167221068089,34.35269706304975,90.65123391074009
169.97987927565393,134.63069380766888,173.82551245361512,22.727272727272727,1e-06,0.0,1.0,0.986332661131903,0.04494130655134917,34.35011489837161,91.24767757078877
186.9371196754564,54.86933435974595,59.36427248628662,4.166666666666666,1e-06,0.0,1.0,0.9828911506842646,0.04501434563370938,34.353059193576755,91.81688498695212
187.3170731707317,16.26301562082916,13.032150878567172,0.0,1e-06,0.0,1.0,0.9808592557214679,0.04249935466469215,34.35798750958323,92.35558528017914
180.24489795918367,17.505568922180878,12.011033043528242,0.0,1e-06,0.0,1.0,0.9845620788849092,0.04183185518048156,34.36092438774192,92.86062043654445
171.9402985074627,20.07550232623816,13.07281291459493,0.0,1e-06,0.0,1.0,0.9801022960676802,0.04014177077248462,34.36845642923454,93.32895793345273
162.71186440677965,25.387620014487375,14.33848336691011,0.0,1e-06,0.0,1.0,0.982520998213936,0.04085203260160006,34.37170267796495,93.75770287175003
152.31732776617955,29.37593930837459,12.757759076995718,0.0,1e-06,0.0,1.0,0.9844114400367264,0.040464558751899,34.373811921021414,94.14410956583612
142.80991735537188,34.10917136178559,13.663666128050098,0.0,1e-06,0.0,1.0,0.9819121998445981,0.03846889112215365,34.37599054169751,94.48559254601072
131.28205128205127,42.252554009343626,14.54608337892598,0.0,1e-06,0.0,1.0,0.9863224085438964,0.038083828563328294,34.37546712834586,94.77973692960626
120.26845637583892,48.50739690201056,17.33438113203841,0.0,1e-06,0.0,1.0,0.9862692277642736,0.03795253731604455,34.3769422130267,95.02430811995075
109.23413566739606,64.52435351668052,21.631832976349155,0.0,1e-06,0.0,1.0,0.9836258055212919,0.03967179181805859,34.38015179909985,95.21726079485607
95.80041580041579,94.92714391526651,32.639560491693345,0.0,1e-06,0.0,1.0,0.9840557572440285,0.03969626531120329,34.38199702641427,95.35674714913273
83.29718004338395,118.47212554542102,44.19417382415922,20.0,1e-06,0.0,1.0,0.9791005613674781,0.03989231287496775,34.38783891038456,95.44112435857325
71.67999999999999,129.07885977500857,75.47592055307,42.857142857142854,1e-06,0.0,1.0,0.978300591619768,0.04068780234295796,34.393784311405604,95.46896123592123
57.07006369426751,271.111186619446,153.62376253908985,71.42857142857143,1e-06,0.0,1.0,0.9806921666406723,0.0396161204322022,34.39438111321415,95.43904405253042
50.39370078740158,222.60004773135157,308.86558438704367,80.0,1e-06,0.0,1.0,0.9799436454716557,0.03960013165893473,34.40033380311634,95.3503815027108
44.91228070175438,182.38464890513674,374.34839220971685,75.0,1e-06,0.0,1.0,0.9789973508881598,0.04012396783484848,34.40166389237615,95.20220879114241
43.146067415730336,274.51424902300914,336.7540947226923,66.66666666666666,1e-06,0.0,1.0,0.9812889890988468,0.038402524910323144,34.40097047207085,94.99399082719812
34.285714285714285,294.2593102463653,362.4191720232251,66.66666666666666,1e-06,0.0,1.0,0.9805712713503185,0.03597228120961044,34.40509833266776,94.72542451354074
29.0176322418136,353.16955225343094,654.4805012851796,66.66666666666666,1e-06,0.0,1.0,0.978684386050777,0.0369448429797432,34.40928729417909,94.3964401199348
33.88235294117647,516.7023677181628,663.0046721649102,66.66666666666666,1e-06,0.0,1.0,0.9801677734754529,0.03630216901588868,34.41270966120005,94.00720173682292
49.23076923076923,248.77630200141652,248.20317828008032,75.0,1e-06,0.0,1.0,0.9816670496672093,0.03866469718899946,34.415804987267144,93.55810680684867
57.6824034334764,281.1082409184137,182.21724671391564,71.42857142857143,1e-06,0.0,1.0,0.9821650452491013,0.04093873597274184,34.41733676857845,93.04978473614653
74.74452554744525,146.97833382929056,78.7917972978696,37.5,1e-06,0.0,1.0,0.9825741031582506,0.04232800752547457,34.4212539260418,92.48309459085104
86.55737704918033,123.26075653361727,45.55431167847891,18.181818181818183,1e-06,0.0,1.0,0.9836504026537811,0.04252832045141564,34.422563084673754,91.85912188788735
102.62806236080179,78.50385570303573,26.650089544451305,0.0,1e-06,0.0,1.0,0.9798062874948037,0.041962189726221594,34.42471447137964,91.17917449268047
113.17894736842105,68.22657015883003,21.667976415048013,0.0,1e-06,0.0,1.0,0.978757756831459,0.041996718894110566,34.42578606449394,90.44477763994345
126.16016427104722,52.977953086011105,14.54608337892598,0.0,1e-06,0.0,1.0,0.9800780424812812,0.04168925913569773,34.42486359505083,89.65766809716715
138.89361702127658,40.0844898664642,14.084184669781209,0.0,1e-06,0.0,1.0,0.9805815143140926,0.040387902622101006,34.426779157010316,88.81978749381635
151.055900621118,34.50029105822866,14.2636082683637,0.0,1e-06,0.0,1.0,0.9835334269289439,0.040542646021609306,34.429459225904225,87.9332748425301
163.40425531914894,27.73162398327945,14.33848336691011,0.0,1e-06,0.0,1.0,0.9846356161568681,0.039467483476828845,34.43777343849247,87.00045828181233
173.47022587268995,24.613243538584456,14.862339550177216,0.0,1e-06,0.0,1.0,0.9830614112110649,0.03856634659958729,34.44265124704934,86.02384607277189
184.0,20.761829877630603,13.325044772225652,0.0,1e-06,0.0,1.0,0.980845772383852,0.03877580943174362,34.44951489588228,85.00611688541406
170.3225806451613,90.83137658379641,62.68573592209984,4.545454545454546,1e-06,0.0,1.0,0.9768273058185029,0.03957443518212467,34.45668567968984,83.95010941279043
147.69230769230768,154.51337554944624,113.39344300561064,15.789473684210526,1e-06,0.0,1.0,0.974059069995198,0.0398406495706682,34.45396290330976,82.85881135396545
117.63676148796499,203.86259819916773,185.9915281879589,42.857142857142854,1e-06,0.0,1.0,0.9754042070461105,0.041055003766013745,34.45830305580855,81.73534780925002
88.55345911949686,130.43454867328404,231.75620272173947,63.63636363636363,1e-06,0.0,1.0,0.9790835105514699,0.04047691519039186,34.458185660165086,80.58296913347083
92.71629778672033,135.8354402156388,235.0369440254408,66.66666666666666,1e-06,0.0,1.0,0.9824460089353971,0.03961623338746504,34.461694219243554,79.40503829518428
91.97604790419162,135.4855093439424,219.30732574403436,58.333333333333336,1e-06,0.0,1.0,0.9812654327575465,0.039924645533834305,34.466456834376984,78.20501779169223
97.21518987341773,128.76807619870954,212.2094437374634,58.333333333333336,1e-06,0.0,1.0,0.984493506302043,0.04036902285436783,34.46540849341699,76.98645617147082
100.04008016032064,126.7216860874731,212.3314282358282,61.53846153846154,1e-06,0.0,1.0,0.9817553009363948,0.041862958765964665,34.474021043368026,75.75297421717251
104.65408805031446,120.62422394513825,165.7895212749688,38.46153846153847,1e-06,0.0,1.0,0.9765014069002171,0.04064562126484646,34.474026873012164,74.50825084370125
109.23413566739606,107.35534939116638,179.0068630842125,46.15384615384615,1e-06,0.0,1.0,0.9785643738205623,0.039839690466232466,34.47568844431264,73.25600876698479
114.14012738853502,88.70486285720364,139.14822876094289,28.57142857142857,1e-06,0.0,1.0,0.9772617049076481,0.03902797890644374,34.48153860571895,71.99999999997326
110.61728395061728,100.4712270975616,149.61890691918688,35.714285714285715,1e-06,0.0,1.0,0.9808612945913462,0.03818894589983416,34.47830581048475,70.74399123307542
113.89830508474576,88.27553541645173,139.3505282068872,28.57142857142857,1e-06,0.0,1.0,0.9858299733059286,0.038498935723992565,34.47791598638874,69.4917491566991
109.26829268292683,102.60575834429646,170.33841104943463,42.857142857142854,1e-06,0.0,1.0,0.9850189554217943,0.03801979648680605,34.480139222876204,68.24702578379181
110.93333333333332,89.76683822037423,149.25760292611562,30.76923076923077,1e-06,0.0,1.0,0.9811818941466752,0.03714921991704966,34.48202786466905,67.01354383027686
105.53911205073996,111.75945861642623,165.97349342841866,38.46153846153847,1e-06,0.0,1.0,0.9791645726894812,0.037657866951907766,34.48983079948093,65.79498221105209
107.35483870967742,95.95833488563497,151.7583571284736,30.76923076923077,1e-06,0.0,1.0,0.980253863332816,0.03716782134970146,34.499673972321084,64.59496170876217
100.17391304347825,115.76099359840036,196.6855148742877,50.0,1e-06,0.0,1.0,0.9827558698578547,0.03819515979628945,34.501951209662586,63.417030871873784
101.67006109979634,144.4009412771121,225.12113348058492,61.53846153846154,1e-06,0.0,1.0,0.9859901043527881,0.03757430674705794,34.500815011504415,62.264652197677705
129.62025316455697,183.87403804026923,189.3571223684672,43.75,1e-06,0.0,1.0,0.9846942456424266,0.03865824426126965,34.50022185948298,61.14118865471781
148.59470468431772,175.77535866551068,159.59951506296417,31.57894736842105,1e-06,0.0,1.0,0.9831702499946036,0.03824416989354606,34.49766049752502,60.04989059780677
177.47899159663865,74.86752246082068,104.64918008688431,13.636363636363635,1e-06,0.0,1.0,0.9832025706742413,0.03916407734210699,34.50309844998439,58.99388312724017
183.23651452282158,20.33509449333664,8.159890122923336,0.0,1e-06,0.0,1.0,0.9841642923081251,0.04054319634130643,34.50790719581407,57.97615394206576
173.47022587268995,24.613243538584456,7.624219319910416,0.0,1e-06,0.0,1.0,1.085069860087137,0.2355113130516732,34.50936970887026,56.9995417353173
161.60320641282564,32.312575521738786,9.24387466109315,0.0,1e-06,0.0,1.0,1.2448586253578187,0.3168463522588503,34.51345910913625,56.066725176981315
149.8151950718686,38.343892193666996,10.416666666666666,0.0,1e-06,0.0,1.0,1.4079284352568588,0.308650030539405,34.515265973357316,55.180212528146726
136.2839248434238,47.099735203378515,12.352647110032732,0.0,1e-06,0.0,1.0,1.5672129809399618,0.19604969391674848,34.51815015104391,54.34233192729689
123.87096774193549,57.0544330734548,18.20257414095992,0.0,1e-06,0.0,1.0,1.6305194680132908,0.052179369297336665,34.518172199609275,53.555222387049476
109.95594713656388,71.8544960463227,23.4375,0.0,1e-06,0.0,1.0,1.6361913403049018,0.05249208291966825,34.52116008101133,52.82082553684731
94.62012320328542,111.3033750509977,41.60743896555912,8.333333333333332,1e-06,0.0,1.0,1.6340657449352174,0.05344497949279686,34.52170852145662,52.140878144158954
79.17525773195877,166.86592906057845,79.67217989988727,30.0,1e-06,0.0,1.0,1.636454005132974,0.05071660798940341,34.52391177761228,51.51690544367475
64.61538461538461,221.89341329170836,133.65236896204522,57.14285714285714,1e-06,0.0,1.0,1.634700062539033,0.04696913637464676,34.531786889838074,50.950215300796856
51.7752808988764,371.1188770732889,271.5335499528557,83.33333333333334,1e-06,0.0,1.0,1.6321020736676077,0.04386494082721395,34.529900197586315,50.44189323242764
38.5929648241206,323.3469076027325,327.13143223837926,50.0,1e-06,0.0,1.0,1.6333267668785805,0.04233272340547137,34.53326791145021,49.99279830467887
29.53846153846154,232.10708286622074,353.7259819584928,33.33333333333333,1e-06,0.0,1.0,1.6320997102094297,0.04705125152713675,34.53271785045692,49.60355992366259
30.31578947368421,274.9092337582635,574.6304858885404,66.66666666666666,1e-06,0.0,1.0,1.632506052835006,0.04547725327369828,34.53127690597145,49.27457553200033
30.0,267.30473792409043,475.2158226795484,66.66666666666666,1e-06,0.0,1.0,1.6331888368607463,0.047771801392299626,34.53730804141097,49.006009220113235
39.48586118251928,321.6198548825733,382.0943518949214,75.0,1e-06,0.0,1.0,1.6345323762866704,0.048191174952307375,34.5392086051498,48.797791257745
48.73096446700507,383.6756849866825,327.28687602583454,80.0,1e-06,0.0,1.0,1.6345592364288881,0.04738835948862899,34.54313869945305,48.64961854753851
65.40145985401459,217.74550711173566,131.81302848795588,71.42857142857143,1e-06,0.0,1.0,1.6354149295236797,0.05228401315224769,34.54721609267625,48.560955998847604
80.1670146137787,163.94340915770294,71.032196338468,40.0,1e-06,0.0,1.0,1.633715517810979,0.05040761771768176,34.54775985728921,48.53103881633446
96.0,109.18882965227411,37.09535470795624,16.666666666666664,1e-06,0.0,1.0,1.6348464177935138,0.05138538007008468,34.55195615918287,48.55887569429239
111.92825112107624,73.38623808881609,23.4375,0.0,1e-06,0.0,1.0,1.6347769192795694,0.05133084298899305,34.55531913289913,48.64325290405973
126.87224669603523,58.03495115493383,20.879784524408155,0.0,1e-06,0.0,1.0,1.634154255156313,0.046802760970495204,34.556716567131126,48.78273925836625
139.4871794871795,47.368010024724725,22.439697838039173,0.0,1e-06,0.0,1.0,1.6333832655370586,0.04753380074776794,34.55823858474625,48.97569193299213
153.92405063291142,37.75736935279275,19.83274246318726,0.0,1e-06,0.0,1.0,1.6305726769025894,0.04722073141086019,34.560923814336064,49.22026312273713
166.2680412371134,32.312575521738786,19.136638615493577,0.0,1e-06,0.0,1.0,1.6341610423594939,0.04516881717638191,34.56396368257944,49.514407505404364
179.877800407332,26.71141746105639,12.901919122574538,0.0,1e-06,0.0,1.0,1.6362180378416533,0.046611291972521326,34.564994927584834,49.855890484314585
176.36743215031316,74.7765103785306,58.76092223700082,4.545454545454546,1e-06,0.0,1.0,1.6361723851124892,0.044754581819492115,34.56906737054247,50.2422971767951
154.5762711864407,169.14421226555842,209.04825250405707,26.31578947368421,1e-06,0.0,1.0,1.6360113741126645,0.044875972725238814,34.569779688525585,50.671042113142356
126.94214876033058,216.7528812344544,248.62905351145108,43.75,1e-06,0.0,1.0,1.6343266207924727,0.04559816298170716,34.56952161982646,51.139379607754854
107.52,184.35121776746402,267.0704450068443,50.0,1e-06,0.0,1.0,1.6348831695404775,0.046653223833573454,34.574259324106706,51.64441476147958
107.95180722891565,140.21695334410185,192.14987514758047,28.57142857142857,1e-06,0.0,1.0,1.6359299297955436,0.048414579297522374,34.573806141096725,52.18311505172401
107.58620689655172,104.61564974513914,140.9862258712413,30.76923076923077,1e-06,0.0,1.0,1.6378327790657263,0.048376213790372886,34.57677227248934,52.752322464567804
111.53526970954357,93.13681270100476,159.9325654167069,42.857142857142854,1e-06,0.0,1.0,1.6372011163007203,0.049375830430220376,34.58001974113692,53.34876612096716
105.76271186440678,110.72053800890893,179.4042151005191,53.84615384615385,1e-06,0.0,1.0,1.6398076902224403,0.04858404270449281,34.582257753753446,53.969075347196856
108.82591093117409,109.28385415083613,178.46837685837102,57.14285714285714,1e-06,0.0,1.0,1.6372757195260261,0.048350123527341846,34.5845272916699,54.60979313792162
101.05263157894737,114.1088661469096,195.66729139141918,66.66666666666666,1e-06,0.0,1.0,1.6382263254863272,0.04947060822442158,34.58445136296752,55.26738995873796
103.56846473029046,114.89529659213247,171.16329922036442,53.84615384615385,1e-06,0.0,1.0,1.6373043215899423,0.04944865262598588,34.58421693353832,55.93827783369023
112.46861924686192,110.62064011932026,142.61413698265574,35.714285714285715,1e-06,0.0,1.0,1.632367117495268,0.05055131225908005,34.58389297734245,56.618824662137776
117.07317073170732,103.6759273730728,128.77936124988574,26.666666666666668,1e-06,0.0,1.0,1.6341264792210213,0.051556564773371893,34.58881020205906,57.3053687084469
124.37246963562752,75.3157011119486,118.65401822806788,25.0,1e-06,0.0,1.0,1.630205468626624,0.051609063631492154,34.59425011652058,57.99423320729917
119.50207468879668,90.90593428863096,136.08750959532304,33.33333333333333,1e-06,0.0,1.0,1.6321775416589919,0.0524840677973145,34.59828247968556,58.68174102695026
118.27515400410677,88.17940597945129,145.62059312767937,40.0,1e-06,0.0,1.0,1.6330624649443148,0.051937433273853084,34.60031557390886,59.36422933254735
115.61290322580643,94.70837733739637,124.24652719183248,28.57142857142857,1e-06,0.0,1.0,1.6336808010846298,0.05272531762546459,34.60179445454637,60.038064191610566
117.07317073170732,79.30360962780951,124.16012486761946,26.666666666666668,1e-06,0.0,1.0,1.63484786530277,0.051906083119813304,34.597825164651105,60.69965506401412
110.16393442622952,100.54558597817149,155.22500340696504,35.714285714285715,1e-06,0.0,1.0,1.6327343159939027,0.053658766839080566,34.59875259711845,61.34546911925883
106.2127659574468,109.26267478234148,180.7599337403987,46.15384615384615,1e-06,0.0,1.0,1.631368493725844,0.05299819941231467,34.60351709767183,61.9720453245082
97.62711864406779,134.3103849815378,194.87166158432672,50.0,1e-06,0.0,1.0,1.6319642767331495,0.05059956355340052,34.60472712898806,62.57600824776631
109.49083503054989,202.30468680732335,231.51297417539791,42.857142857142854,1e-06,0.0,1.0,1.632795724394222,0.05269165761660787,34.6110176594197,63.15408152170067
128.53556485355648,224.1163066277962,203.04485598425453,31.25,1e-06,0.0,1.0,1.63348747600012,0.04855385594275296,34.61335304959624,63.70310091495051
156.23126338329763,170.13290185507566,164.16580742160923,15.789473684210526,1e-06,0.0,1.0,1.6337391295471326,0.04811183399681517,34.60831715615589,64.22002695931347
177.70623742454728,56.38177695990876,61.153826396674035,4.3478260869565215,1e-06,0.0,1.0,1.6326672407197584,0.04999481784673822,34.6105393846702,64.70195708295347
172.40816326530611,31.666898877284023,13.205535230133071,0.0,1e-06,0.0,1.0,1.6338131055189948,0.046603291850161925,34.61052925050555,65.14613720172441
160.0,36.643873123620544,14.779770358233083,0.0,1e-06,0.0,1.0,1.634260646063448,0.04708916443709178,34.611655148042644,65.54997272284298
145.8227848101266,46.58474953124561,15.158476564770812,0.0,1e-06,0.0,1.0,1.6342661166474652,0.04890855150112778,34.61649209461807,65.91103891746171
129.07563025210084,63.34872945401115,18.922814713109325,0.0,1e-06,0.0,1.0,1.636108937063725,0.04960933803743337,34.6150851797602,66.22709062118678
112.94117647058823,84.14320011147663,26.36023100896792,7.142857142857142,1e-06,0.0,1.0,1.636138947417694,0.050505860105211894,34.61501312661996,66.49607122423517
97.10344827586208,105.84054551248386,39.218438743784795,27.27272727272727,1e-06,0.0,1.0,1.6357426926161467,0.05145054070133546,34.615574096230006,66.71612091573151
79.81524249422633,163.12055064647703,72.87014885225636,55.55555555555556,1e-06,0.0,1.0,1.6376596792101497,0.05114996638673057,34.61695612105236,66.88558414958761
65.88235294117648,229.89987838542382,150.00542524911114,71.42857142857143,1e-06,0.0,1.0,1.635060435334744,0.050632000674198346,34.62253797676729,67.00301630248042
48.484848484848484,400.3660434527384,339.28204297825727,80.0,1e-06,0.0,1.0,1.635111218959985,0.04910310644868766,34.62274576258158,67.06718949763251
36.141176470588235,466.972541475607,416.34101857731963,75.0,1e-06,0.0,1.0,1.634159149009013,0.04983008682297779,34.625358030848645,67.07709757139271
29.0176322418136,130.31245836663336,274.4401260976609,66.66666666666666,1e-06,0.0,1.0,1.6328061632761357,0.050709251063226726,34.62779354399689,67.03196016299599
29.46291560102302,161.5423168674044,202.82429665229952,66.66666666666666,1e-06,0.0,1.0,1.635777295944044,0.05036534992957475,34.62823430230951,66.93122591134417
38.11414392059553,369.65180380283215,340.6584463701632,75.0,1e-06,0.0,1.0,1.6344749955133375,0.05102896057090126,34.63264194419177,66.77457474617249
52.96551724137931,378.8592646985377,272.87889369645285,83.33333333333334,1e-06,0.0,1.0,1.6352876802428615,0.04994080622514266,34.6335103493617,66.56191926454153
69.65986394557824,235.34143196557926,127.34956987139206,62.5,1e-06,0.0,1.0,1.634460324714017,0.05008578151514204,34.63766751483185,66.29340518720434
90.99526066350711,133.09712149404282,58.46339666834283,30.0,1e-06,0.0,1.0,1.6350072997713732,0.050518828268536285,34.639398589576125,65.96941089303027
103.78378378378379,113.0063391686842,36.36520844731495,15.384615384615385,1e-06,0.0,1.0,1.635784051742148,0.05020327550173005,34.63932308085954,65.59054603330513
123.07692307692308,77.22397080354433,24.705294220065465,0.0,1e-06,0.0,1.0,1.634273715941195,0.05033082127214297,34.64279010228184,65.15764923136001
141.0612244897959,57.89351389073982,15.158476564770812,0.0,1e-06,0.0,1.0,1.6346691870698224,0.0475721045083094,34.643427870029456,64.67178487659018
157.70020533880904,45.08970009533774,15.625,0.0,1e-06,0.0,1.0,1.6315692753087208,0.04762649615774492,34.64464679221397,64.13423902550039
172.76073619631902,37.66883694936397,14.465939058946116,0.0,1e-06,0.0,1.0,1.6302549518270553,0.04939813530418731,34.64881010892154,63.54651442593726
171.5744680851064,73.20460640624312,60.91746465505602,4.761904761904762,1e-06,0.0,1.0,1.6302650081876748,0.04909333627999194,34.65359325581514,62.91032468412983
150.12345679012344,137.83934924949244,86.76214192165459,10.526315789473683,1e-06,0.0,1.0,1.6307152767251585,0.04829032507497141,34.651389936210734,62.227587597543284
133.22448979591837,137.1858139758932,115.61444208553705,17.647058823529413,1e-06,0.0,1.0,1.6323996323641023,0.04796326034694815,34.65333419488882,61.50041767984273
99.74025974025975,96.84559365514089,136.78468377676316,25.0,1e-06,0.0,1.0,1.628964781331652,0.04634249848627882,34.65345163391778,60.731117907452465
98.25159914712152,128.44509262161944,185.59639739842132,50.0,1e-06,0.0,1.0,1.6306605197824884,0.048462973770659404,34.65158491858065,59.922170720269435
109.26829268292683,130.84241865850754,150.3076772375199,35.714285714285715,1e-06,0.0,1.0,1.632638934230212,0.05122933320915569,34.65674968635027,59.07622831203255
110.39014373716634,114.39051591255192,149.17894278735807,42.857142857142854,1e-06,0.0,1.0,1.6354471745888453,0.05229764327862221,34.65686721902787,58.196102248653155
118.41409691629957,105.92687962236313,148.92695115003917,42.857142857142854,1e-06,0.0,1.0,1.637397450447398,0.05053854952907475,34.65933699370993,57.284752455465735
118.41409691629957,106.09138069925127,154.43659235327718,50.0,1e-06,0.0,1.0,1.6368133205259,0.048869932350482245,34.65754136345899,56.34527561684696
119.50207468879668,120.74350109035085,152.63679461856034,53.333333333333336,1e-06,0.0,1.0,1.6354569282471194,0.047818199811364745,34.65628036838351,55.380893033972676
114.38297872340425,170.93026534889864,186.69699845141923,64.28571428571429,1e-06,0.0,1.0,1.6339827275233478,0.047059573894129875,34.65807852717789,54.39493798861966
115.86206896551724,172.1646446274434,182.0110018864033,64.28571428571429,1e-06,0.0,1.0,1.6344287749349897,0.050217040230665144,34.65969203142773,53.390842662869204
103.56846473029046,213.75315752538256,305.82054284675405,69.23076923076923,1e-06,0.0,1.0,1.632769198715809,0.04955701765184658,34.66332556661246,52.3721246663234
121.9047619047619,172.0524651995722,294.684479244653,64.28571428571429,1e-06,0.0,1.0,1.6286778790432654,0.05142627318284337,34.66539763022121,51.34237322399266
124.67532467532467,168.11222070390957,278.57107085599745,53.333333333333336,1e-06,0.0,1.0,1.625890546700551,0.049492549854314886,34.6664051988873,50.305235079354276
129.07563025210084,115.28402002635708,176.22340224839604,43.75,1e-06,0.0,1.0,1.6280737839320778,0.049452777468268344,34.66670495839476,49.264400168205185
125.38775510204081,120.00200905707527,173.10168314702585,56.25,1e-06,0.0,1.0,1.6303648329125506,0.051421674994450876,34.66607924790948,48.22358711983682
127.4688796680498,117.69097574361585,160.1594257815214,43.75,1e-06,0.0,1.0,1.6345472679203614,0.048031087040547316,34.665953035349546,47.18652864274321
123.12625250501002,119.28062343257955,155.09993418223405,37.5,1e-06,0.0,1.0,1.6337300849087961,0.04682073850905764,34.66476834264944,46.1569568525276
131.34808853118713,110.03339281600871,98.89835079040752,23.52941176470588,1e-06,0.0,1.0,1.6304284823767992,0.04574743658118429,34.665706727522064,45.13858859990275
124.37246963562752,101.54371821528092,101.9823054505045,25.0,1e-06,0.0,1.0,1.631799847147081,0.04368656153211112,34.666280939877495,44.13511085667992
124.37246963562752,99.87709121519997,116.5084492644203,31.25,1e-06,0.0,1.0,1.5721147132874385,0.1927269958431038,34.66536792529418,43.150166217411766
127.4688796680498,78.6845198378269,75.15175618928232,12.5,1e-06,0.0,1.0,1.409108494724249,0.31451357375125927,34.67004007513785,42.18733857390019
126.5934065934066,64.46561852819083,77.789458005476,13.333333333333334,1e-06,0.0,1.0,1.246874184482612,0.3289675357780845,34.67030526193756,41.2501390190973
120.25052192066806,100.85356202049692,118.92315852654004,20.0,1e-06,0.0,1.0,1.0858743066752798,0.24301119245757324,34.6724124559956,40.34199203602177
112.94117647058823,103.4761338080291,146.062091643878,28.57142857142857,1e-06,0.0,1.0,0.9844862045306515,0.043125849965562235,34.67043015768412,39.466222026191176
110.61728395061728,155.73896020100364,251.3111650577672,57.14285714285714,1e-06,0.0,1.0,0.9836034878206232,0.044135998151208625,34.67269719350608,38.626040230727675
131.56316916488223,174.71191672354476,215.52684964214242,37.5,1e-06,0.0,1.0,0.9850759386887556,0.04158481610471288,34.67458056986925,37.8245320957486
147.3773987206823,167.51673046742798,190.87796619290864,27.77777777777778,1e-06,0.0,1.0,0.9798406515602153,0.0385010086256656,34.67670885131509,37.06464513189801
165.58521560574948,74.1737485153667,107.85778034638948,14.285714285714285,1e-06,0.0,1.0,0.9777650187967315,0.03856103663096339,34.68084103937307,36.349177315926276
163.75266524520256,46.738081284831324,17.19123763188065,0.0,1e-06,0.0,1.0,0.9799607663750498,0.03826486079407537,34.6761641501045,35.68076608008668
144.9056603773585,62.98638865858242,19.32334195002632,0.0,1e-06,0.0,1.0,0.9776937186119047,0.037590384600439695,34.677294987046096,35.06187793279702
125.49019607843137,82.83706396696267,26.07884251238376,6.666666666666667,1e-06,0.0,1.0,0.9762833730284736,0.03832027627794014,34.67665164950394,34.49479875152468
102.9278350515464,134.74410055039922,50.02440810494413,30.76923076923077,1e-06,0.0,1.0,0.9749622099157147,0.03890453496892897,34.68202850348095,33.98162478620027
85.12315270935962,168.0354671189286,83.77972886534069,55.55555555555556,1e-06,0.0,1.0,0.9732694258144566,0.03878437249240879,34.68269322444485,33.52425440866109
65.50106609808103,268.81556930865145,171.16329922036442,75.0,1e-06,0.0,1.0,0.9776145995925667,0.040664876089265854,34.68308860765353,33.12438064068247
55.97667638483965,223.95591083961148,220.694482684774,80.0,1e-06,0.0,1.0,0.9780194462888954,0.03931912289763847,34.68621237592574,32.783484490082
29.16455696202532,1056.0722647964117,1651.563239119986,66.66666666666666,1e-06,0.0,1.0,0.9783325626771685,0.0381868039943394,34.68190439404185,32.50282912119324
32.20125786163522,973.4246462835156,1856.8785762335135,50.0,1e-06,0.0,1.0,0.9807010069632254,0.0374509237998155,34.683665839539294,32.28345488271316
52.244897959183675,200.55465082802243,211.94781197266462,50.0,1e-06,0.0,1.0,0.9801818295009945,0.035765086585169796,34.68249193281922,32.12617521254369
63.24705882352941,277.5945842209021,165.97349342841866,57.14285714285714,1e-06,0.0,1.0,0.9813058434085462,0.03573698177642617,34.683639908742705,32.03157343578789
80.3347280334728,257.9592385436118,137.40527039867624,40.0,1e-06,0.0,1.0,0.9818531696134492,0.03597058885022062,34.68581397935365,32.00000046853591
104.72727272727273,135.666836225324,59.21779427748815,16.666666666666664,1e-06,0.0,1.0,0.9815177339613811,0.037599421352396495,34.6874756827435,32.03157343650204
127.73388773388774,98.11902070506561,29.370567041399344,6.25,1e-06,0.0,1.0,0.9795424187304261,0.03908040399991196,34.68592482626201,32.12617521396404
150.74380165289256,70.67585592060986,19.136638615493577,0.0,1e-06,0.0,1.0,0.9782874253904726,0.039091453272544256,34.68518346890105,32.28345488482388
156.90322580645162,76.94310289944781,67.30649991312545,5.263157894736842,1e-06,0.0,1.0,0.9798432784261886,0.03897957969904562,34.68852389294978,32.502829123970734
148.00856531049251,101.45857693521596,69.67130021414421,5.555555555555555,1e-06,0.0,1.0,0.9780225915525222,0.039710961618680665,34.68925401024521,32.78348449349498
133.49693251533742,121.33049222444292,107.47512884529378,17.647058823529413,1e-06,0.0,1.0,0.9806469641859523,0.040606657534531625,34.689081171676776,33.1243806446923
112.00000000000001,99.24881283667727,155.5875379686749,42.857142857142854,1e-06,0.0,1.0,0.9829505802547636,0.0407232820639756,34.688093312662346,33.52425441322191
116.12903225806453,94.86604225022894,152.29366163764007,46.666666666666664,1e-06,0.0,1.0,0.9804412387710271,0.04050453923160722,34.68863878403247,33.98162479125937
119.20177383592018,111.2998000352321,186.84782411095935,71.42857142857143,1e-06,0.0,1.0,0.9833634093776986,0.03778685864625025,34.688130912739055,34.494798757022856
122.29299363057325,106.25,176.57928965684025,60.0,1e-06,0.0,1.0,0.980620900706419,0.04054411386668288,34.69173859186313,35.061877938668886
116.36363636363636,109.63225241337865,178.89317182912077,69.23076923076923,1e-06,0.0,1.0,0.9804635104159873,0.04177614967707038,34.69137559274526,35.68076608626121
117.79141104294479,116.34069043116428,155.90239111558088,50.0,1e-06,0.0,1.0,0.9809109602629453,0.041256996239965114,34.690059166251686,36.349177322327236
106.66666666666667,117.34364597199117,194.84318614593633,60.0,1e-06,0.0,1.0,0.9803613724732689,0.04239614339419983,34.691637489308114,37.06464513844437
22.994011976047904,1937.5,3875.0,50.0,1e-06,0.0,1.0,0.9805688610715692,0.038000746751256205,34.69126362619036,37.824532102355306
70.0,0.0,0.0,0.0,1e-06,0.0,1.0,0.979986299720629,0.038287242853118374,34.69409661649225,38.62604023730595
70.0,0.0,0.0,0.0,1e-06,0.0,1.0,0.9819121851026915,0.039657715897083674,34.69409543711314,39.466222032649355
70.0,0.0,0.0,0.0,1e-06,0.0,1.0,0.9792189063738529,0.03926960723429833,34.69568622526641,40.341992042265886
70.0,0.0,0.0,0.0,1e-06,0.0,1.0,0.9813207182324051,0.039578018474442374,34.69752688209145,41.250139025031515
70.0,0.0,0.0,0.0,1e-06,0.0,1.0,0.9812984950314629,0.039176562581744824,34.70039341278842,42.18733857942785
70.0,0.0,0.0,0.0,1e-06,0.0,1.0,0.9783060442431235,0.03837880510739507,34.69874553221631,43.150166222435644
70.0,0.0,0.0,0.0,1e-06,0.0,1.0,0.9813319035349242,0.037646003468310874,34.69566237873614,44.13511086110331
70.0,0.0,0.0,0.0,1e-06,0.0,1.0,0.9788978743583072,0.040441819706915995,34.69592894110522,45.13858860362994
70.0,0.0,0.0,0.0,1e-06,0.0,1.0,0.9813484366967731,0.041333272606384225,34.69171012262126,46.15695685546451
70.0,0.0,0.0,0.0,1e-06,0.0,1.0,0.9815779202889439,0.04166717829905421,34.69144351035483,47.1865286447983
70.0,0.0,0.0,0.0,1e-06,0.0,1.0,0.9804307684004601,0.04266029871640679,34.693194356619216,48.22358712092166
70.0,0.0,0.0,0.0,1e-06,0.0,1.0,0.9803693877376201,0.04040161058849672,34.69001384849955,49.26440016823505
70.0,0.0,0.0,0.0,1e-06,0.0,1.0,0.9797817828942675,0.039326337979639116,34.69096436261641,50.30523507824904
70.0,0.0,0.0,0.0,1e-06,0.0,1.0,0.9800651248174456,0.03922488076222424,34.69317342719927,51.34237322167713
70.0,0.0,0.0,0.0,1e-06,0.0,1.0,0.9796208501707524,0.03865383051376236,34.693702473240435,52.37212466272824
70.0,0.0,0.0,0.0,1e-06,0.0,1.0,0.9815621813381066,0.03886581919512149,34.693819728019264,53.39084265793143
70.0,0.0,0.0,0.0,1e-06,0.0,1.0,0.9786852285365173,0.03854835252039489,34.69479367179065,54.394937982283025
70.0,0.0,0.0,0.0,1e-06,0.0,1.0,0.9780720921286457,0.03790307652074069,34.69570164021332,55.38089302618854
70.0,0.0,0.0,0.0,1e-06,0.0,1.0,0.975242659148962,0.039370536883961374,34.70011726533909,56.34527560757445
70.0,0.0,0.0,0.0,1e-06,0.0,1.0,0.9750833941572853,0.03929339831692583,34.70566889935971,57.28475244467248
70.0,0.0,0.0,0.0,1e-06,0.0,1.0,0.9778596795546666,0.03889396574143848,34.70770049771703,58.19610223631559
22.325581395348838,390.625,781.25,50.0,1e-06,0.0,1.0,0.9811040941383277,0.04049093855790673,34.70610893354785,59.076228298136165
31.540041067761805,833.808254969143,787.5785344438144,75.0,1e-06,0.0,1.0,0.9843578672549843,0.038469320606077856,34.69977861353138,59.92217070480934
60.31413612565445,652.4983703151212,592.1029787967631,66.66666666666666,1e-06,0.0,1.0,0.9843571087248464,0.04009151396863541,34.699745504353146,60.731117890433445
90.47120418848168,281.35714694281796,299.4338733865125,55.55555555555556,1e-06,0.0,1.0,0.9859919761679343,0.039964303363539955,34.69722986809773,61.50041766127965
105.6880733944954,195.81532496986938,277.03598080229744,66.66666666666666,1e-06,0.0,1.0,0.9855733283689012,0.03759021897356219,34.69919496102902,62.227587577461144
110.39014373716634,128.73582774435994,207.9674270676873,71.42857142857143,1e-06,0.0,1.0,0.9858554349174014,0.038205262962684824,34.701372400143825,62.91032466256378
116.86956521739131,112.34133510858588,180.61268922646434,64.28571428571429,1e-06,0.0,1.0,0.9866583796073405,0.035409511126939616,34.698229784199356,63.546514402932914
109.49083503054989,118.32989094021623,179.25585697436887,57.14285714285714,1e-06,0.0,1.0,0.9812551655292041,0.036764787567895835,34.698547006729655,64.13423900111363
118.03278688524591,173.79296031645114,210.25435011212355,40.0,1e-06,0.0,1.0,0.9818498013510435,0.038570465865612774,34.69675820547367,64.67178485088705
134.5979381443299,178.80559211266643,178.32362828927074,23.52941176470588,1e-06,0.0,1.0,0.9818450526580398,0.03791099553021108,34.69780036697139,65.1576492044168
152.31732776617955,130.58837658736323,147.0374397238865,10.526315789473683,1e-06,0.0,1.0,0.980087201596047,0.03724659227614793,34.699580682513975,65.59054600520801
161.60320641282564,66.79873716506975,60.91746465505602,4.761904761904762,1e-06,0.0,1.0,0.9835433007100249,0.037700705320198924,34.699287347962795,65.96941086387514
147.69230769230768,70.26425814183355,18.948095705963514,0.0,1e-06,0.0,1.0,0.979923819682911,0.0393236126575091,34.69909338892448,66.2934051570965
124.67532467532467,98.19331486070391,30.96972528015984,6.666666666666667,1e-06,0.0,1.0,0.9793217241614967,0.03971767007621764,34.697986687051,66.56191923359529
103.5505617977528,137.17681202038625,51.607676490298154,25.0,1e-06,0.0,1.0,0.9794725213845714,0.04193049167861715,34.6978801475216,66.77457471451083
75.29411764705883,278.4388834296596,150.58074427653423,55.55555555555556,1e-06,0.0,1.0,0.978388561122681,0.04208167013649763,34.69779857415183,66.93122587909825
65.26912181303116,266.758712141651,186.58631548160224,66.66666666666666,1e-06,0.0,1.0,0.9809443804652991,0.04220656055012036,34.69990326707817,67.03196013030457
41.29032258064516,592.2060518202259,620.6226921742925,75.0,1e-06,0.0,1.0,0.9818364824812262,0.042373189195369594,34.70124034551908,67.07709753840166
33.68421052631579,463.7756899892447,758.8454086088066,75.0,1e-06,0.0,1.0,0.9806152819884753,0.04211485527652129,34.70311606413422,67.06718946449415
40.52770448548813,330.7881140053063,489.2230500582872,75.0,1e-06,0.0,1.0,0.9834076732225625,0.03973190233207262,34.7031830393791,67.00301626935281
53.18559556786703,240.32042412162974,235.80294176229015,80.0,1e-06,0.0,1.0,0.9844839858947377,0.038746956097257486,34.70329961373846,66.88558411663396
65.5609756097561,284.6835481311321,177.12162576179117,71.42857142857143,1e-06,0.0,1.0,0.9837474926452141,0.038375399208482514,34.69990608052004,66.71612088311926
84.21052631578948,191.51941807555704,97.0205000531102,40.0,1e-06,0.0,1.0,0.9850395233696775,0.03827719281465518,34.69610353400105,66.49607119213537
104.25339366515837,111.00594523930789,42.66095857295797,16.666666666666664,1e-06,0.0,1.0,0.9815187365762671,0.03933740170440499,34.6961877973405,66.22709058977324
121.00840336134455,85.67035497896704,28.01317053127485,6.666666666666667,1e-06,0.0,1.0,0.9804259360765324,0.03943465143719138,34.69309941289073,65.91103888691
138.01268498942918,60.21448291970294,17.90068630842125,0.0,1e-06,0.0,1.0,0.983332936882334,0.041599931635688155,34.691582585148154,65.54997269332968
155.2340425531915,43.856222453859814,14.73139127471974,0.0,1e-06,0.0,1.0,0.9833881783139362,0.03909711245253181,34.69602397077926,65.14613717342633
170.66666666666666,35.17597300295395,12.29368425733505,0.0,1e-06,0.0,1.0,0.9853485802310575,0.0396431896822697,34.691855232372546,64.70195705604638
175.30434782608697,58.44445501980798,63.948068530253515,4.761904761904762,1e-06,0.0,1.0,0.9823463893825212,0.039170355824189165,34.691562872962834,64.22002693397165
151.055900621118,146.6031734917063,113.09401432608576,15.789473684210526,1e-06,0.0,1.0,0.9807377600460248,0.03717525116998156,34.68990931361198,63.703100891345365
126.03938730853392,202.99408174186317,160.97758689377494,33.33333333333333,1e-06,0.0,1.0,0.980128448757007,0.03993663503538908,34.68296775436687,63.154081500000046
102.29508196721311,172.3240838271421,203.125,53.84615384615385,1e-06,0.0,1.0,0.979847117608156,0.039240275069424645,34.686155443646285,62.57600822813364
102.9278350515464,119.37220209553014,149.12123231479592,30.76923076923077,1e-06,0.0,1.0,0.9834292100713479,0.039272141059287925,34.68413076723331,61.972045307101226
105.9872611464968,113.52925375030257,149.18943320210943,30.76923076923077,1e-06,0.0,1.0,0.9811454275237604,0.039734987307832724,34.690214218595,61.34546910422909
109.93865030674847,96.94415117512932,143.40206638759,28.57142857142857,1e-06,0.0,1.0,0.9801493123095303,0.040354882862030594,34.693686770019966,60.69965505150574
104.0,117.64119522348227,180.7599337403987,46.15384615384615,1e-06,0.0,1.0,0.9771802204529607,0.041117987056261004,34.69116516791248,60.03806418175949
100.17391304347825,122.75545572284035,210.4766641135393,66.66666666666666,1e-06,0.0,1.0,0.9766570506634988,0.041548065700241055,34.692807771653676,59.364229325480636
102.08588957055214,119.0814045817388,194.94757575221772,61.53846153846154,1e-06,0.0,1.0,0.976918793540471,0.04031222626981968,34.688826571789505,58.68174102278497
105.31645569620254,115.57226328120785,167.98388982156393,46.15384615384615,1e-06,0.0,1.0,0.9772987193626885,0.039905924038272755,34.68494266979953,57.99423320614167
100.84848484848484,124.61803697913295,122.78307535548211,23.076923076923077,1e-06,0.0,1.0,0.9808389507528547,0.04152962553811734,34.68676557324938,57.305368710392344
102.71604938271605,117.17363083609557,142.56474680386452,30.76923076923077,1e-06,0.0,1.0,0.9792258490388999,0.04070548514987092,34.68671042563301,56.618824667269
100.2409638554217,128.61138557110993,128.21389192803304,23.076923076923077,1e-06,0.0,1.0,0.9794123358347107,0.04215976701643416,34.68753500962721,55.93827784207748
91.42857142857143,139.11755166699197,116.5084492644203,18.181818181818183,1e-06,0.0,1.0,0.9803350574345678,0.04238218329750331,34.690407584740754,55.267389970437925
91.23110151187906,185.65074639879515,197.39514621692197,18.181818181818183,1e-06,0.0,1.0,0.9811764210964697,0.04026966398180225,34.68924218196847,54.60979315297706
106.43923240938166,246.09796916877247,197.59087769407944,23.076923076923077,1e-06,0.0,1.0,0.9817194275816544,0.04044009030818712,34.68985231946998,53.96907536563624
137.14285714285714,203.3016765577118,186.43905568408942,23.52941176470588,1e-06,0.0,1.0,0.9828606721607358,0.04111902275727179,34.68931898495029,53.34876614280386
162.36786469344608,126.77210652263967,157.02930658001392,15.0,1e-06,0.0,1.0,0.9843166955779695,0.04038385866997264,34.68538154915571,52.7523224898001
172.0570264765784,36.60944309335191,12.29368425733505,0.0,1e-06,0.0,1.0,0.9796922123753133,0.04079904006652095,34.68646898676275,52.18311508033451
155.56503198294243,46.752205274841764,17.27408744976771,0.0,1e-06,0.0,1.0,0.9785368552624711,0.04059075837827421,34.68749319174616,51.64441479343509
136.85534591194968,67.4659900864065,21.035800027869158,0.0,1e-06,0.0,1.0,0.9806608462569515,0.03998719718165992,34.68784101521102,51.13937964300634
118.03278688524591,99.45598551900008,33.40765523905305,6.666666666666667,1e-06,0.0,1.0,0.9799714222913825,0.03918261803245799,34.68676283347551,50.671042151624576
98.46153846153847,142.4933752115047,57.69913639656222,25.0,1e-06,0.0,1.0,0.9850389238613695,0.03942838141992879,34.683443082766374,50.24229721842679
81.50943396226415,210.46364528738525,118.99645477912357,44.44444444444444,1e-06,0.0,1.0,0.9857762078789309,0.03904679305541865,34.67787849197463,49.85589052899853
59.689119170984455,354.54942552328146,256.36430377492104,83.33333333333334,1e-06,0.0,1.0,0.9817976092099141,0.039089760837532274,34.678238070721115,49.514407553027354
42.1978021978022,362.0821945705146,328.2489845122652,75.0,1e-06,0.0,1.0,0.982018443725478,0.03912416112277213,34.67815388334195,49.22026317317042
33.83259911894273,56.87585851000405,95.89558666417692,25.0,1e-06,0.0,1.0,0.9771409268127385,0.03883971647338443,34.680048053440146,48.97569198609153
40.59196617336152,404.3948024517625,349.5602706437046,40.0,1e-06,0.0,1.0,0.9760493833272312,0.04000754754495581,34.679895228893855,48.78273931397256
62.10242587601078,391.70856657529487,319.530294925223,66.66666666666666,1e-06,0.0,1.0,0.976342298864044,0.039296812969522754,34.67484217063692,48.64325296199926
88.61538461538461,196.12677483086176,104.08525464432991,44.44444444444444,1e-06,0.0,1.0,0.9726186563052839,0.03785305633885987,34.67359980586717,48.558875754377354
108.16901408450704,144.26707275483898,55.543223852321454,25.0,1e-06,0.0,1.0,0.9759874051795685,0.037375609987530464,34.66729061558323,48.53103887836371
135.03296703296704,101.40744624438875,28.5272165367274,6.25,1e-06,0.0,1.0,0.9778847026959208,0.03517553560279856,34.66500063056425,48.56095606260714
152.58278145695363,81.06449175142386,96.24438963786257,11.11111111111111,1e-06,0.0,1.0,0.9761875258838161,0.03649535073490469,34.66669365267971,48.649618612802335
149.28725701943844,90.63181780442203,113.18216381516282,16.666666666666664,1e-06,0.0,1.0,0.9805462295333325,0.03779135006177904,34.66569861637202,48.797791324275906
130.72340425531914,149.34702846762428,132.76653616405002,25.0,1e-06,0.0,1.0,0.9815450142023181,0.037897020399786936,34.66809117829811,49.00600928766363
116.11231101511879,131.18943725417196,152.35530651433484,35.714285714285715,1e-06,0.0,1.0,0.9791908633248145,0.03983707844692192,34.67405391680603,49.274575600313206
102.9278350515464,141.67405385949203,140.55264342201704,30.76923076923077,1e-06,0.0,1.0,0.9809446738493924,0.03908716333485493,34.67262009724375,49.6035599924725
98.23255813953489,150.52797490612448,151.89236011893422,36.36363636363637,1e-06,0.0,1.0,0.976989960907972,0.04011782064456283,34.67306935332513,49.99279837371297
101.72185430463576,170.7616640187062,165.78075560381376,37.5,1e-06,0.0,1.0,0.97419948494073,0.04107111420881634,34.66933299129754,50.44189330140675
82.58064516129032,124.26541969208489,231.2288841710741,50.0,1e-06,0.0,1.0,0.9769571090446618,0.04261492302378589,34.664598989983034,50.95021536943667
70.0,0.0,0.0,0.0,1e-06,0.0,1.0,0.9785646911099957,0.0438359817387474,34.661600380078625,51.51690551168699
70.0,0.0,0.0,0.0,1e-06,0.0,1.0,0.9810815190650166,0.04316871035189269,34.659328961303125,52.14087821125255
70.0,0.0,0.0,0.0,1e-06,0.0,1.0,0.9789671456638617,0.04190863464886646,34.66071728197752,52.820825602729684
70.0,0.0,0.0,0.0,1e-06,0.0,1.0,0.9793052408802172,0.03910420781817923,34.65697655476573,53.55522245142774
70.0,0.0,0.0,0.0,1e-06,0.0,1.0,0.9780370522196125,0.037537790970267396,34.65502811712933,54.34233198987929
70.0,0.0,0.0,0.0,1e-06,0.0,1.0,0.9768838661369941,0.03655720902853371,34.65410906157135,55.18021258864382
70.0,0.0,0.0,0.0,1e-06,0.0,1.0,0.9819858840032964,0.03679220590309186,34.65243565449427,56.06672523510726
70.0,0.0,0.0,0.0,1e-06,0.0,1.0,0.9806720709299748,0.0368722891870029,34.65241456495016,56.99954179079137
70.0,0.0,0.0,0.0,1e-06,0.0,1.0,0.9822083896623419,0.03770559617189446,34.65102084378775,57.97615399461336
70.0,0.0,0.0,0.0,1e-06,0.0,1.0,0.982654650328163,0.0399861483005942,34.64933824815368,58.99388317659444
70.0,0.0,0.0,0.0,1e-06,0.0,1.0,0.9817579782399017,0.040985347576498306,34.6481575039786,60.04989064370976
70.0,0.0,0.0,0.0,1e-06,0.0,1.0,0.9843313364874269,0.04285087139302128,34.64737640364628,61.14118869692159
70.0,0.0,0.0,0.0,1e-06,0.0,1.0,0.9847253795810723,0.04198911215921736,34.648733482418876,62.26465223594587
70.0,0.0,0.0,0.0,1e-06,0.0,1.0,0.9824701009635992,0.042365991497962795,34.64709744742856,63.417030905982514
70.0,0.0,0.0,0.0,1e-06,0.0,1.0,0.9783634167568139,0.0414428799789304,34.64601990087054,64.59496173850142
70.0,0.0,0.0,0.0,1e-06,0.0,1.0,0.9770049404688201,0.04062303795431898,34.64508800567678,65.7949822362268
70.0,0.0,0.0,0.0,1e-06,0.0,1.0,0.9762424487046208,0.04065774567568276,34.643905620129175,67.0135438507078
70.0,0.0,0.0,0.0,1e-06,0.0,1.0,0.9777241657216187,0.038273059986837055,34.64502339855325,68.24702579931684
70.0,0.0,0.0,0.0,1e-06,0.0,1.0,0.9807335795353996,0.04099310897487728,34.64551570193672,69.49174916717409
70.0,0.0,0.0,0.0,1e-06,0.0,1.0,0.9829895163590083,0.03984834653834111,34.64385787865602,70.743991238375
70.0,0.0,0.0,0.0,1e-06,0.0,1.0,0.982540802300488,0.04005700366311253,34.63859794681699,71.99999999999183
70.0,0.0,0.0,0.0,1e-06,0.0,1.0,0.9855430848466469,0.04045851532861549,34.637510348966494,73.256008761637
70.0,0.0,0.0,0.0,1e-06,0.0,1.0,0.984601259886142,0.03845587645071974,34.632582033318855,74.50825083292298
70.0,0.0,0.0,0.0,1e-06,0.0,1.0,0.9779843018848171,0.04049292953745099,34.630026741473486,75.75297420092126
70.0,0.0,0.0,0.0,1e-06,0.0,1.0,0.9781763810030066,0.04052456572897789,34.63140966994058,76.98645614972617
70.0,0.0,0.0,0.0,1e-06,0.0,1.0,0.9739398590873967,0.04113132049669243,34.62936019811555,78.20501776445643
70.0,0.0,0.0,0.0,1e-06,0.0,1.0,0.9758877702119307,0.040822934279121176,34.62830156375614,79.40503826248236
70.0,0.0,0.0,0.0,1e-06,0.0,1.0,0.9812744508304381,0.04128983604794023,34.62625112777474,80.58296909535089
70.0,0.0,0.0,0.0,1e-06,0.0,1.0,0.9801341595340353,0.04022477195128764,34.62665218342802,81.73534776578342
70.0,0.0,0.0,0.0,1e-06,0.0,1.0,0.985720643367495,0.03856267567681025,34.62172935469877,82.85881130524668
70.0,0.0,0.0,0.0,1e-06,0.0,1.0,0.9837089202270624,0.03991294430842256,34.6189958772603,83.95010935893713
70.0,0.0,0.0,0.0,1e-06,0.0,1.0,0.9820040055501753,0.0384195154939386,34.61985818633738,85.00611682656678
70.0,0.0,0.0,0.0,1e-06,0.0,1.0,0.9829972944894231,0.03918914560153514,34.616170346626745,86.02384600909382
70.0,0.0,0.0,0.0,1e-06,0.0,1.0,1.081611211752251,0.23969810293226418,34.61741114151339,87.000458213489
70.0,0.0,0.0,0.0,1e-06,0.0,1.0,1.2461825672108837,0.32317709394837535,34.6160824026078,87.93327476976864
70.0,0.0,0.0,0.0,1e-06,0.0,1.0,1.409702406881086,0.31302213841373144,34.614241131138286,88.81978741684517
70.0,0.0,0.0,0.0,1e-06,0.0,1.0,1.5716687384051589,0.19427762231357737,34.61177653140436,89.65766801623506
70.0,0.0,0.0,0.0,1e-06,0.0,1.0,1.6325123503760186,0.04664955860509158,34.6084571876096,90.44477755531902
27.927272727272726,1460.9375,2921.875,50.0,1e-06,0.0,1.0,1.632948698980785,0.04913339456365109,34.60819870217159,91.17917440465096
72.45283018867924,303.78472023786844,636.7067675252871,66.66666666666666,1e-06,0.0,1.0,1.6332881793792426,0.05039584999248387,34.604246791549286,91.8591217967579
107.0383275261324,278.6815774873886,345.7228290893898,37.5,1e-06,0.0,1.0,1.637554250085624,0.04922720264096653,34.6020822186053,92.48309449694348
107.41258741258741,234.12530101533417,300.9956253457394,58.333333333333336,1e-06,0.0,1.0,1.6376705886159573,0.04928213749697691,34.60235137634426,93.04978463979839
115.02304147465438,121.42397769578895,127.33815810830886,38.46153846153847,1e-06,0.0,1.0,1.6334855030279973,0.050088381526223344,34.60024228110625,93.55810670841173
121.66336633663366,166.46022727121212,189.8721472245644,37.5,1e-06,0.0,1.0,1.6319478972285992,0.0507004223504556,34.59980103380017,94.00720163666207
130.72340425531914,176.0739750154303,176.86874252770988,25.0,1e-06,0.0,1.0,1.629955024689583,0.05432209531128131,34.60050966128827,94.39644001842663
143.10559006211182,145.11074703911493,157.5770848944209,16.666666666666664,1e-06,0.0,1.0,1.6312235067029859,0.05417555889801753,34.59723182404048,94.72542441107205
150.74380165289256,87.71244490771963,66.80080905406594,10.526315789473683,1e-06,0.0,1.0,1.6365484845263985,0.052064631369717264,34.59326201015481,94.99399072416438
126.16016427104722,136.21209133437307,44.37793417529332,18.75,1e-06,0.0,1.0,1.638750480636159,0.05185171543680644,34.59094025263107,95.2022086879463
101.53846153846155,183.89264014411654,86.43322928712082,36.36363636363637,1e-06,0.0,1.0,1.6384582522240907,0.05063834138629291,34.59083285580298,95.35038139976052
77.96954314720813,286.17113917800566,169.62817135681544,62.5,1e-06,0.0,1.0,1.6392986335171713,0.048324477519011734,34.58969308962844,95.43904395023809
55.25179856115108,390.5989574652199,526.4025164975942,83.33333333333334,1e-06,0.0,1.0,1.6370897258308095,0.05378096452362837,34.590973209675724,95.4689611347011
42.1978021978022,400.0427223278784,831.7530589313553,75.0,1e-06,0.0,1.0,1.6381869276372445,0.053146668750976345,34.588275903236095,95.44112425884012
44.03669724770642,390.98733195590876,733.2937518910821,80.0,1e-06,0.0,1.0,1.6387934433884221,0.05330552586647601,34.58669181202962,95.3567470513001
55.38461538461539,385.45185650163313,243.56964481437336,83.33333333333334,1e-06,0.0,1.0,1.6357266460583042,0.056133350393488414,34.5853450081879,95.21726069933442
77.14285714285714,292.5746449019569,173.72934342138348,55.55555555555556,1e-06,0.0,1.0,1.6347018763005274,0.0513353969126842,34.58349915844401,95.02430802714578
107.41258741258741,130.7475812893716,48.04413217411297,25.0,1e-06,0.0,1.0,1.6303375879869377,0.05204627326218797,34.584293902602674,94.77973683991716
128.28507795100222,90.11470314117571,28.32271772421768,6.666666666666667,1e-06,0.0,1.0,1.6284805355462915,0.05187443888369519,34.57925752635056,94.4855924598283
149.93492407809111,62.31284671820525,16.518566870966385,0.0,1e-06,0.0,1.0,1.6279228787988442,0.049880012824402346,34.578408136270035,94.14410948354119
169.29859719438878,48.59221159970831,11.81138978153835,0.0,1e-06,0.0,1.0,1.630012359781759,0.051907995799935325,34.57299024118997,93.75770279371163
158.02469135802468,125.49705860596893,108.01551728193598,15.0,1e-06,0.0,1.0,1.6329033139587705,0.05106978336679104,34.56789731955088,93.32895786002649
135.1552795031056,204.85398367624606,94.64094874676341,11.76470588235294,1e-06,0.0,1.0,1.633544586625379,0.05195614630592222,34.56555338543261,92.86062036807085
115.8953722334004,206.17633364563346,138.50082194186223,26.666666666666668,1e-06,0.0,1.0,1.6345541947516886,0.04984324239852009,34.5589223864496,92.35558521698206
99.3103448275862,150.1861547426689,128.8470508005519,25.0,1e-06,0.0,1.0,1.634410955615306,0.05062323970990353,34.558477150040915,91.81688492933714
114.97005988023952,116.75963557668378,113.90491805511672,20.0,1e-06,0.0,1.0,1.6357362509644124,0.048586288598734595,34.55694193913624,91.2476775190417
124.37246963562752,75.51802706711408,117.68989531108154,25.0,1e-06,0.0,1.0,1.6366948154252516,0.04758236688721672,34.55872899113636,90.65123386512569
124.8780487804878,86.73282543427545,125.26014596297844,31.25,1e-06,0.0,1.0,1.6360323549094642,0.04944396876164554,34.56179934462803,90.03092464130091
125.13238289205702,87.4718757117243,135.97640726733934,37.5,1e-06,0.0,1.0,1.6350177759047027,0.04776921689476477,34.55851763558872,89.39020685289032
115.11777301927195,102.22263875036064,176.7766952966369,64.28571428571429,1e-06,0.0,1.0,1.6327102641558282,0.04834723147941579,34.55467339997204,88.73261003428578
113.17894736842105,103.21699862042678,184.1140591558563,71.42857142857143,1e-06,0.0,1.0,1.6308290051661936,0.04612276587050048,34.54710469408872,88.06172216143233
117.12418300653596,104.17795963444925,164.61958988832404,57.14285714285714,1e-06,0.0,1.0,1.6342213465462163,0.04698436159871765,34.54478504441888,87.3811753349612
113.41772151898735,104.4585621142642,143.92495624055667,42.857142857142854,1e-06,0.0,1.0,1.632881258243145,0.04553953173690595,34.543751484500675,86.69463129049736
117.31160896130346,106.65771446808503,140.43886490849218,40.0,1e-06,0.0,1.0,1.632659728695459,0.04528085294672776,34.544548143852694,86.00576679335184
115.4308617234469,107.56942202854657,162.91584840252432,53.333333333333336,1e-06,0.0,1.0,1.6335578815135818,0.04772742927709881,34.54299104573177,85.31825897526252
111.53526970954357,115.07989959509143,162.49537715317888,50.0,1e-06,0.0,1.0,1.6337759517627992,0.04653821195253844,34.53661171968641,84.635770671077
109.23413566739606,108.22648254317718,154.9424456317033,46.15384615384615,1e-06,0.0,1.0,1.6327600905639599,0.049642247474281136,34.5341935711057,83.96193581327118
108.99563318777291,108.45316303587094,162.37976320958225,46.15384615384615,1e-06,0.0,1.0,1.6330745710874524,0.05206433552286211,34.533247819612114,83.30034494196774
103.35403726708074,112.48099362787828,142.99222826346193,30.76923076923077,1e-06,0.0,1.0,1.6333520349268507,0.05029426266748174,34.52895829910792,82.65453088766411
112.23382045929017,61.98970570088757,96.22143057512228,14.285714285714285,1e-06,0.0,1.0,1.630359771055288,0.052240066469093044,34.525786281692774,82.02795468319628
132.41379310344828,107.05254860004365,68.10779599282303,5.88235294117647,1e-06,0.0,1.0,1.6334130692994648,0.051034375138812156,34.52405337947345,81.42399176056053
148.3261802575107,107.98834402836101,65.9655031838166,5.555555555555555,1e-06,0.0,1.0,1.636824705178843,0.04923389522792348,34.51924508445629,80.8459184870912
156.73469387755102,85.08095868788739,62.90984045692525,5.0,1e-06,0.0,1.0,1.6367293489972474,0.04913679913412903,34.51845396536949,80.29689909415167
159.33609958506224,59.065806785736875,17.19123763188065,0.0,1e-06,0.0,1.0,1.6395829553633727,0.04766917701459007,34.518892509863306,79.77997304994823
138.89361702127658,79.30020077251099,23.76079113397742,0.0,1e-06,0.0,1.0,1.6368955910102145,0.04807083152365039,34.51662827671946,79.29804292632188
112.70440251572327,134.86004206979297,49.22018084000786,14.285714285714285,1e-06,0.0,1.0,1.6319425886343248,0.04986590263743127,34.51585414611541,78.85386280742463
93.8875305623472,168.64145814790027,73.840869160197,30.0,1e-06,0.0,1.0,1.6329219094402712,0.050439515667703286,34.51516686492262,78.45002728604662
66.49350649350649,316.1650315079729,193.90115071860714,62.5,1e-06,0.0,1.0,1.6317450577714827,0.0500618789849778,34.513418463253316,78.08896109104313
53.08755760368664,278.2927084873447,225.77989835235553,66.66666666666666,1e-06,0.0,1.0,1.6332493000616919,0.049112087932703996,34.51169881438814,77.77290938681661
41.73913043478261,92.70248108869579,165.72815184059706,60.0,1e-06,0.0,1.0,1.6356123369801536,0.04907173661825338,34.50933839173859,77.50392878315952
48.484848484848484,295.2091419654886,269.04961496441507,80.0,1e-06,0.0,1.0,1.637165016397617,0.0509841296423631,34.50969366319956,77.28387909095737
63.098591549295776,376.06142301165517,208.95090756164075,71.42857142857143,1e-06,0.0,1.0,1.6390258787825447,0.052835327539397944,34.50683893753694,77.1144158563091
89.4915254237288,282.4669493575113,148.1493914516695,36.36363636363637,1e-06,0.0,1.0,1.6402983736797099,0.05218772557920046,34.501637767992655,76.99698370254926
123.02059496567506,131.01841966477113,45.657259406785045,14.285714285714285,1e-06,0.0,1.0,1.6371679518047357,0.051734857930473735,34.49802775874005,76.93281050646705
144.30062630480168,96.05653481161721,65.30911368930337,5.555555555555555,1e-06,0.0,1.0,1.6348701723321557,0.05013845496555213,34.49008507995747,76.92290243172606
141.63934426229508,124.66196577094611,117.7224310488822,16.666666666666664,1e-06,0.0,1.0,1.6327574013700823,0.04894698048205144,34.487579182506394,76.9680398391039
135.92920353982302,149.61498439223092,151.22115771831224,31.25,1e-06,0.0,1.0,1.6320628684456546,0.049690666644988626,34.48722008663438,77.06877408971165
115.86206896551724,154.437833201517,182.371777268937,50.0,1e-06,0.0,1.0,1.6377211116489472,0.05134687556539597,34.487830856883335,77.22542525382721
106.2127659574468,143.18531357534067,236.6211810750114,53.84615384615385,1e-06,0.0,1.0,1.6366670366930054,0.050905677452596325,34.48782340327591,77.43808073440316
95.5223880597015,249.68730444297725,379.88713601688477,60.0,1e-06,0.0,1.0,1.6373756738135299,0.050551779478745056,34.485182036389226,77.70659481069957
78.36734693877551,358.8084302010382,431.8129251698587,88.88888888888889,1e-06,0.0,1.0,1.6387993167408599,0.05164479621007038,34.48148031883046,78.03058910386025
61.34185303514377,350.58544785829315,560.2167200624237,80.0,1e-06,0.0,1.0,1.6352937075023968,0.04940362351843988,34.47725624876428,78.40945396261228
54.857142857142854,214.61872685454702,448.6579379800384,66.66666666666666,1e-06,0.0,1.0,1.635893965322556,0.05013436169129004,34.472359889209756,78.84235076363719
70.0,0.0,0.0,0.0,1e-06,0.0,1.0,1.6346798775265343,0.05090707275666989,34.46813730751704,79.328215117552
70.0,0.0,0.0,0.0,1e-06,0.0,1.0,1.6324290597557987,0.05116314853662403,34.46482613292433,79.8657609678639
70.0,0.0,0.0,0.0,1e-06,0.0,1.0,1.6332847943795847,0.05067317877196422,34.46019246563426,80.45348556673765
70.0,0.0,0.0,0.0,1e-06,0.0,1.0,1.6340323876213532,0.05173456077330226,34.45949320736892,81.08967530795502
70.0,0.0,0.0,0.0,1e-06,0.0,1.0,1.6361179654248335,0.050669987863082154,34.4571064770709,81.77241239406085
70.0,0.0,0.0,0.0,1e-06,0.0,1.0,1.638745431943196,0.047461225894525935,34.455050411146715,82.4995823113996
70.0,0.0,0.0,0.0,1e-06,0.0,1.0,1.6360844996114836,0.0469309999355716,34.4540241051453,83.26888208355557
70.0,0.0,0.0,0.0,1e-06,0.0,1.0,1.6362076049729573,0.04481946204389309,34.45204770589306,84.07782927063946
70.0,0.0,0.0,0.0,1e-06,0.0,1.0,1.636895359586498,0.04558003849517745,34.45092645452862,84.92377167891941
70.0,0.0,0.0,0.0,1e-06,0.0,1.0,1.634992717294698,0.047386156278525146,34.44714956979105,85.80389774248981
70.0,0.0,0.0,0.0,1e-06,0.0,1.0,1.6371653315642156,0.046564592039791554,34.4457795483538,86.7152475360212
70.0,0.0,0.0,0.0,1e-06,0.0,1.0,1.6339532321481698,0.04925122565068311,34.44003393959434,87.65472437514072
70.0,0.0,0.0,0.0,1e-06,0.0,1.0,1.6327683837262694,0.04913060778223273,34.43528834328636,88.6191069586752
70.0,0.0,0.0,0.0,1e-06,0.0,1.0,1.6349735526434264,0.0495357393926691,34.43602507384465,89.60506200484963
70.0,0.0,0.0,0.0,1e-06,0.0,1.0,1.635536031921475,0.050287869677182996,34.43171099474266,90.60915733158322
70.0,0.0,0.0,0.0,1e-06,0.0,1.0,1.6409364333724614,0.04899369882812271,34.43105566449837,91.6278753292732
70.0,0.0,0.0,0.0,1e-06,0.0,1.0,1.6402543568651222,0.048960321691521425,34.428606443768246,92.65762677290739
70.0,0.0,0.0,0.0,1e-06,0.0,1.0,1.6363603175328354,0.04839119577440267,34.42494751068096,93.69476491900548
70.0,0.0,0.0,0.0,1e-06,0.0,1.0,1.6356147892443023,0.050930151023219364,34.41856950267302,94.73559983176652
70.0,0.0,0.0,0.0,1e-06,0.0,1.0,1.6309480347175804,0.05072735333156266,34.41436864900676,95.77641288189379
70.0,0.0,0.0,0.0,1e-06,0.0,1.0,1.6304603581835826,0.04907982498471055,34.41233017298689,96.81347136088681
70.0,0.0,0.0,0.0,1e-06,0.0,1.0,1.6349130349361851,0.04899425767239304,34.41065610247253,97.84304315313491
70.0,0.0,0.0,0.0,1e-06,0.0,1.0,1.6338473889388947,0.04807004634750853,34.40786640435229,98.86141140791665
70.0,0.0,0.0,0.0,1e-06,0.0,1.0,1.6353060546222977,0.04761322303961406,34.40549158178865,99.86488915341124
70.0,0.0,0.0,0.0,1e-06,0.0,1.0,1.5765465309015028,0.19082461331575917,34.40460897829804,100.8498337950555
39.183673469387756,218.75,437.5,50.0,1e-06,0.0,1.0,1.4132854413085294,0.30723079255049557,34.399002434239705,101.81266144103573
39.183673469387756,218.75,437.5,50.0,1e-06,0.0,1.0,1.248702148178071,0.3227526549195947,34.39688227003266,102.74986099838758
70.0,0.0,0.0,0.0,1e-06,0.0,1.0,1.0853620463959255,0.24169028990433064,34.392256337341806,103.65800798407899
70.0,0.0,0.0,0.0,1e-06,0.0,1.0,0.9803737388577196,0.04082685215857132,34.38391378096631,104.53377799657841
70.0,0.0,0.0,0.0,1e-06,0.0,1.0,0.9755828393141139,0.039016583181379676,34.38296704348281,105.37395979474896
70.0,0.0,0.0,0.0,1e-06,0.0,1.0,0.9779037651030837,0.03957301505964936,34.383889947327106,106.17546793245783
70.0,0.0,0.0,0.0,1e-06,0.0,1.0,0.9788966881752944,0.039906141254294224,34.38191027113541,106.9353548990452
70.0,0.0,0.0,0.0,1e-06,0.0,1.0,0.9790083575622669,0.03959821762777477,34.380781065583136,107.65082271774428
70.0,0.0,0.0,0.0,1e-06,0.0,1.0,0.9823392919359404,0.03918463536711105,34.37900011148729,108.31923395628512
35.39170506912443,304.6875,609.375,50.0,1e-06,0.0,1.0,0.9839696531559234,0.0398107818710019,34.37451995248722,108.93812210623295
71.3312693498452,632.2120779810671,784.4621465532929,66.66666666666666,1e-06,0.0,1.0,0.9835190823504878,0.03891089360035134,34.369370638213034,109.50520129010314
94.68493150684932,491.63527834521824,590.4255202156111,55.55555555555556,1e-06,0.0,1.0,0.9829575922200005,0.038740586284563006,34.36625545063334,110.01837525794785
112.94117647058823,139.59534661103336,148.72505042863492,45.45454545454545,1e-06,0.0,1.0,0.9828869896871868,0.0376355818984354,34.35907586571607,110.4757456379126
121.26315789473684,123.11953597576985,152.35090413604846,46.666666666666664,1e-06,0.0,1.0,0.9800489472739342,0.0359526770547564,34.35644103332346,110.8756194082048
134.87603305785123,131.5077178126465,115.61444208553705,23.52941176470588,1e-06,0.0,1.0,0.9810744962846778,0.03785644702649344,34.357281629094764,111.21651556099003
141.34969325153372,107.02459681267977,81.54288275466583,11.11111111111111,1e-06,0.0,1.0,0.98255596394629,0.03793495174054927,34.35691002605425,111.49717093191802
140.08583690987123,119.72543741127781,73.59938938053426,17.647058823529413,1e-06,0.0,1.0,0.981295864598031,0.03838091819035767,34.35615505825624,111.71654517227562
122.05378973105135,160.12213926327777,65.98364301729129,23.076923076923077,1e-06,0.0,1.0,0.9847612985814895,0.03779426786561753,34.35143293394596,111.87382484414512
91.6710875331565,269.1700170356789,163.78324447841115,44.44444444444444,1e-06,0.0,1.0,0.9845567594054685,0.03733109664700147,34.348064836358155,111.96842662240834
52.244897959183675,430.4444090970594,266.90866298230185,66.66666666666666,1e-06,0.0,1.0,0.98424058096436,0.03876527819308463,34.343456038068375,111.99999959096073
44.03669724770642,295.87000946361565,338.56169812531954,60.0,1e-06,0.0,1.0,0.9838105624461173,0.040864828034790766,34.33878730965675,111.96842662407424
67.36842105263158,398.88586467273353,242.3134753011066,71.42857142857143,1e-06,0.0,1.0,0.9846627041529084,0.04258443623564342,34.3376804522736,111.87382484745837
95.28535980148884,257.319604589798,145.55404804668876,40.0,1e-06,0.0,1.0,0.98443673948428,0.042882958836507654,34.33284254086213,111.71654517719928
126.87224669603523,159.69806580614,61.23154787654108,20.0,1e-06,0.0,1.0,0.9823623081629119,0.04324196620942682,34.32946188445175,111.497170938397
144.30062630480168,102.21331129072881,72.20194183269426,11.11111111111111,1e-06,0.0,1.0,0.9854249696595289,0.04342791958184482,34.32607065219585,111.21651556895144
144.0,106.48462656385871,83.02639551938394,11.11111111111111,1e-06,0.0,1.0,0.9836054535492932,0.04415658591880276,34.32539315283774,110.8756194175584
137.43157894736842,117.84077571571004,127.59752321141465,29.411764705882355,1e-06,0.0,1.0,0.9813860975383769,0.04433053204879308,34.32324460852263,110.47574564855142
122.73972602739725,103.04186506771242,160.69401390770358,50.0,1e-06,0.0,1.0,0.9826837710608449,0.043968518133603175,34.31981345695964,110.01837526974896
109.71428571428571,154.15258944738272,194.75773485048268,66.66666666666666,1e-06,0.0,1.0,0.9794685254986862,0.043243485036760204,34.31488449386653,109.50520130292831
107.78947368421052,175.55323753489816,211.53602255711843,75.0,1e-06,0.0,1.0,0.980629249846007,0.04185265254834458,34.3067686554639,108.93812211992974
100.3921568627451,221.9011318238091,226.42776165920998,50.0,1e-06,0.0,1.0,0.9794744569793838,0.04173408094698302,34.30249041405627,108.31923397068775
70.0,0.0,0.0,0.0,1e-06,0.0,1.0,0.9792979611655904,0.041615331852961956,34.297288954494164,107.65082273267481
70.0,0.0,0.0,0.0,1e-06,0.0,1.0,0.9778532948142424,0.03976804052492487,34.29557463538114,106.93535491431479
70.0,0.0,0.0,0.0,1e-06,0.0,1.0,0.977832578461661,0.039305437644070886,34.29104152504785,106.17546794786782
70.0,0.0,0.0,0.0,1e-06,0.0,1.0,0.9813726611066453,0.03852840435662794,34.285451173701844,105.37395981009242
70.0,0.0,0.0,0.0,1e-06,0.0,1.0,0.9833654743135598,0.03800256260654747,34.28182005370144,104.5337780116414
70.0,0.0,0.0,0.0,1e-06,0.0,1.0,0.987542222226375,0.03818770885861513,34.279252176681695,103.65800799864213
70.0,0.0,0.0,0.0,1e-06,0.0,1.0,0.9854670462975825,0.03748834444950681,34.277284355415034,102.74986101222757
70.0,0.0,0.0,0.0,1e-06,0.0,1.0,0.98652092588194,0.038719013409225254,34.27539046974009,101.81266145392675
70.0,0.0,0.0,0.0,1e-06,0.0,1.0,0.9850676615116076,0.03840630767730388,34.27850490678649,100.84983380677102
70.0,0.0,0.0,0.0,1e-06,0.0,1.0,0.9822395990633175,0.03827775934393014,34.27665188302023,99.86488916372546
70.0,0.0,0.0,0.0,1e-06,0.0,1.0,0.9828076074043177,0.04060712052457687,34.273538407618794,98.86141141660622
70.0,0.0,0.0,0.0,1e-06,0.0,1.0,0.980643185933012,0.042498864613482276,34.27101825908264,97.84304315998052
70.0,0.0,0.0,0.0,1e-06,0.0,1.0,0.9825532348328039,0.042742902100506096,34.26312523612625,96.8134713656748
70.0,0.0,0.0,0.0,1e-06,0.0,1.0,0.9836035376868283,0.041820934735094656,34.25804926361302,95.77641288441778
70.0,0.0,0.0,0.0,1e-06,0.0,1.0,0.9819222113294914,0.04081622248522846,34.252654111950825,94.73559983182898
70.0,0.0,0.0,0.0,1e-06,0.0,1.0,0.9823513344148145,0.03724654590219668,34.24996715554214,93.6947649164193
70.0,0.0,0.0,0.0,1e-06,0.0,1.0,0.9817690257985211,0.03744723142832559,34.24903766868003,92.65762676749736
70.0,0.0,0.0,0.0,1e-06,0.0,1.0,0.9801620303003058,0.03970858507677886,34.24449643539478,91.6278753208775
70.0,0.0,0.0,0.0,1e-06,0.0,1.0,0.9809890617915104,0.04036263341082609,34.24066322674436,90.60915732005476
70.0,0.0,0.0,0.0,1e-06,0.0,1.0,0.9814449660056132,0.041492911188235546,34.23974162981642,89.60506199005746
70.0,0.0,0.0,0.0,1e-06,0.0,1.0,0.9794953974381004,0.04227140335827749,34.232626965031564,88.61910694050556
70.0,0.0,0.0,0.0,1e-06,0.0,1.0,0.9795879394796774,0.04479349160177224,34.2293800939684,87.65472435349847
70.0,0.0,0.0,0.0,1e-06,0.0,1.0,0.9786103917808011,0.04470304660866763,34.226027672080164,86.7152475108308
70.0,0.0,0.0,0.0,1e-06,0.0,1.0,0.9777268332296042,0.04383424471848876,34.22050425829413,85.80389771369619
70.0,0.0,0.0,0.0,1e-06,0.0,1.0,0.9784987352137957,0.042395935766762996,34.22119848155287,84.92377164648889
70.0,0.0,0.0,0.0,1e-06,0.0,1.0,0.980678929640467,0.03821084797815029,34.21804205541458,84.07782923456055
70.0,0.0,0.0,0.0,1e-06,0.0,1.0,0.9836549783185058,0.039153132268254114,34.215563514207474,83.26888204383957
62.33766233766234,966.8630816977138,1167.2565240634767,40.0,1e-06,0.0,1.0,0.9823967131517835,0.04151915296458276,34.21182099209781,82.4995822680811
118.61003861003861,83.39180484456716,127.07540470973467,37.5,1e-06,0.0,1.0,0.9839415548431145,0.04333995162354407,34.20408846537502,81.77241234719816
110.28720626631855,118.77582363844813,136.30517804727742,36.36363636363637,1e-06,0.0,1.0,0.9831785758275082,0.04397750656559407,34.199673614477916,81.08967525763035
113.65750528541227,135.59693734171904,221.73444898207543,50.0,1e-06,0.0,1.0,0.9821261866082802,0.04207438119095662,34.198527843918995,80.45348551305729
132.69978401727863,149.20328269803952,187.63016315347593,25.0,1e-06,0.0,1.0,0.9843864779255056,0.040121369239163776,34.19470164519168,79.86576091095824
134.73684210526315,150.68204314051493,174.9720959896177,18.75,1e-06,0.0,1.0,0.9848482015429135,0.03924676320612375,34.19273140517059,79.32821505757533
134.87603305785123,139.45774209266682,161.72063706628478,17.647058823529413,1e-06,0.0,1.0,0.9852310089257419,0.03830632413652195,34.1891329628468,78.84235070076738
126.03938730853392,154.34955368326214,52.986952993166156,20.0,1e-06,0.0,1.0,0.9860052763416215,0.04029118558162025,34.179927535279006,78.40945389705051
94.58128078817734,255.14242346187746,154.5041351478263,40.0,1e-06,0.0,1.0,0.9836935755947676,0.03972091952567616,34.175484280890124,78.0305890358302
66.9767441860465,298.3334060754101,205.15809452712315,66.66666666666666,1e-06,0.0,1.0,0.9820250356934046,0.039874738220194085,34.16999077242909,77.70659474044695
41.113490364025694,569.6250137151633,903.4844656592054,60.0,1e-06,0.0,1.0,0.9821019284600777,0.041163978138961006,34.16495460805653,77.43808066219476
44.44444444444444,641.3182224917673,907.3605802856162,80.0,1e-06,0.0,1.0,0.9795404429424653,0.03987418918748885,34.161492841536536,77.22542517994995
82.70769230769231,262.76787231202326,194.11088701650235,57.14285714285714,1e-06,0.0,1.0,0.9811164052755197,0.039880777284849456,34.15834518887517,77.06877401447156
104.43514644351465,253.44337217494615,138.29081299324744,30.76923076923077,1e-06,0.0,1.0,0.9826092964296225,0.038967673466974294,34.15659621344912,76.96803976282477
141.60520607375273,121.4905267783699,39.451191165476864,11.76470588235294,1e-06,0.0,1.0,0.9827519455327322,0.03936965968511363,34.151555575216626,76.9229023547482
145.8227848101266,88.38834764831844,68.10779599282303,5.555555555555555,1e-06,0.0,1.0,0.9840531000739123,0.04045217145288026,34.14978302740444,76.93281042914592
142.22222222222223,111.90611217076783,107.9002134135401,17.647058823529413,1e-06,0.0,1.0,0.9818084043537931,0.040629851052349245,34.14164563587318,76.99698362525365
137.72151898734177,106.76808605490214,107.68788087570486,17.647058823529413,1e-06,0.0,1.0,0.9808194066740156,0.04053365312316445,34.13517578964297,77.11441577941979
129.14798206278027,83.55439429231448,99.43689110435824,20.0,1e-06,0.0,1.0,0.9813501187665757,0.03958084809626522,34.13511500202891,77.28387901486518
119.71223021582733,180.19228203759772,168.16546136419728,23.076923076923077,1e-06,0.0,1.0,0.9806202636739751,0.03844399623863525,34.13426766458299,77.50392870826349
120.0,202.3891586221401,185.86526958391124,22.22222222222222,1e-06,0.0,1.0,0.9828676291479933,0.04012319078166483,34.13561433008957,77.77290931352212
51.61290322580645,1098.4986202767848,1162.72469266697,60.0,1e-06,0.0,1.0,0.9859827515580801,0.04251913301604784,34.13459397627589,78.08896101975996
26.7595818815331,1070.3125,2140.625,50.0,1e-06,0.0,1.0,0.9852241411354882,0.042267302265816306,34.12625868563559,78.45002721718684
70.0,0.0,0.0,0.0,1e-06,0.0,1.0,0.985725826782248,0.042567057675176115,34.119058273574055,78.85386274140053
70.0,0.0,0.0,0.0,1e-06,0.0,1.0,0.9869561777509636,0.0409902624270091,34.11441728653581,79.29804286354397
70.0,0.0,0.0,0.0,1e-06,0.0,1.0,0.9829104491895806,0.03805094889767154,34.10830353669422,79.77997299082273
70.0,0.0,0.0,0.0,1e-06,0.0,1.0,0.9818172146920456,0.03950639559206148,34.10774558407214,80.29689903907875
70.0,0.0,0.0,0.0,1e-06,0.0,1.0,0.9811581609443489,0.03850623027293754,34.102382265535155,80.84591843646253
70.0,0.0,0.0,0.0,1e-06,0.0,1.0,0.9773239572770315,0.039479197344500574,34.10137886681643,81.42399171475712
70.0,0.0,0.0,0.0,1e-06,0.0,1.0,0.9764282330226874,0.04060536330735335,34.10218159534833,82.02795464258651
70.0,0.0,0.0,0.0,1e-06,0.0,1.0,0.9751944256925595,0.03969876753040607,34.0998708641506,82.6545308526013
70.0,0.0,0.0,0.0,1e-06,0.0,1.0,0.9767698989427356,0.04042868981515078,34.100015954975575,83.30034491278829
70.0,0.0,0.0,0.0,1e-06,0.0,1.0,0.979097230273453,0.04099633763500446,34.092462263941016,83.96193579029234
70.0,0.0,0.0,0.0,1e-06,0.0,1.0,0.9818563146420061,0.041388289524658665,34.08462446997069,84.63577065459495
70.0,0.0,0.0,0.0,1e-06,0.0,1.0,0.9855417774128246,0.04025147522234989,34.080178046420954,85.31825896555057
70.0,0.0,0.0,0.0,1e-06,0.0,1.0,0.9859737560851758,0.04189202128352673,34.077428903306995,86.00576679065821
70.0,0.0,0.0,0.0,1e-06,0.0,1.0,0.9871233394928709,0.041295245359404986,34.07255067092131,86.69463129504385
70.0,0.0,0.0,0.0,1e-06,0.0,1.0,0.9849199287594719,0.04112808741520616,34.0685500830612,87.38117534694126
70.0,0.0,0.0,0.0,1e-06,0.0,1.0,0.9839891180725273,0.04155496010131387,34.06090261562398,88.0617221810096
70.0,0.0,0.0,0.0,1e-06,0.0,1.0,0.9800651246589254,0.04295231284955697,34.054720924111464,88.73261006159268
70.0,0.0,0.0,0.0,1e-06,0.0,1.0,0.9811831468749659,0.04141591435258458,34.05222811443465,89.3902068880267
70.0,0.0,0.0,0.0,1e-06,0.0,1.0,0.9830077509281006,0.04055096708795117,34.050047414214546,90.03092468433286
70.0,0.0,0.0,0.0,1e-06,0.0,1.0,0.982325883634029,0.04141432837720661,34.04685877491042,90.65123391608465
70.0,0.0,0.0,0.0,1e-06,0.0,1.0,0.9838701777152906,0.03837524728101283,34.04276239069365,91.2476775779235
70.0,0.0,0.0,0.0,1e-06,0.0,1.0,0.9848533862722464,0.04013009415101998,34.03950169387758,91.81688499610121
70.0,0.0,0.0,0.0,1e-06,0.0,1.0,0.9844967040103886,0.03921934982038337,34.03478871107269,92.35558529155102
28.029197080291972,2144.366407978512,3161.8144019692236,66.66666666666666,1e-06,0.0,1.0,0.9833188025815648,0.03882147150443547,34.0336742405123,92.86062045033007
120.0,119.67838846954226,158.11388300841898,66.66666666666666,1e-06,0.0,1.0,0.9826513593731444,0.039509643338432356,34.026241093174846,93.32895794982379
127.2289156626506,94.41482589706742,112.78176520386617,36.36363636363637,1e-06,0.0,1.0,0.9778019428907427,0.03869946989507237,34.020259939317796,93.75770289085743
120.80898876404494,102.99954683685233,137.51912017411084,42.857142857142854,1e-06,0.0,1.0,0.978809993876962,0.04198004484944395,34.013135818638176,94.14410958780857
140.5949656750572,108.49517080221747,110.85310757183731,18.75,1e-06,0.0,1.0,0.9784846898417907,0.0431562246415855,34.01075477158876,94.48559257095314
145.3386454183267,104.17820804021787,101.5291077584267,15.789473684210526,1e-06,0.0,1.0,0.9791720028945953,0.04351661800553639,34.00908340804396,94.77973695759897
148.00856531049251,87.69079864531096,65.08884623660005,11.11111111111111,1e-06,0.0,1.0,0.9801690538359519,0.04338041253826053,34.00464139562002,95.0243081510481
139.4871794871795,145.30782004035052,51.52697639950359,23.52941176470588,1e-06,0.0,1.0,0.9774470076525362,0.041613002046218754,34.002874280722146,95.21726082908587
105.86466165413535,221.78204169543358,113.53688827865594,45.45454545454545,1e-06,0.0,1.0,0.9786562010122584,0.04026776718257448,33.996512992461724,95.35674718649531
68.05063291139241,482.597338706432,367.9347449786443,85.71428571428571,1e-06,0.0,1.0,0.9787723595296194,0.039378344274371126,33.994136600509066,95.44112439904096
44.13793103448276,436.2705940697814,568.4902394445749,80.0,1e-06,0.0,1.0,0.980030308943973,0.03887960633017371,33.99279729646729,95.46896127943815
52.36363636363637,543.0421238392919,355.27553127818976,83.33333333333334,1e-06,0.0,1.0,0.9788197454928205,0.040087911458943436,33.98808153621694,95.43904409901201
84.02625820568927,416.1679958637497,261.35248521446624,50.0,1e-06,0.0,1.0,0.9816290500607493,0.04099117263196251,33.98311368141478,95.35038155204403
125.90163934426229,211.5875400617319,90.3011454799993,25.0,1e-06,0.0,1.0,0.980333878482621,0.0418757708597395,33.97745276182627,95.20220884318587
139.78586723768737,106.53045369695417,71.81553246425874,17.647058823529413,1e-06,0.0,1.0,0.9788890898731302,0.04142565514190142,33.97209148317111,94.9939908817823
143.78854625550662,94.47706819307986,78.51465329000696,11.76470588235294,1e-06,0.0,1.0,0.982888852730397,0.04152204792969867,33.96960655718267,94.72542457046862
140.68965517241378,100.08680542530176,112.40230132764187,29.411764705882355,1e-06,0.0,1.0,0.9803270519325546,0.04022530394502993,33.965957130102545,94.39644017898252
107.48091603053435,185.4876516239253,268.5955224636107,63.63636363636363,1e-06,0.0,1.0,0.9799554515801547,0.03959643596502025,33.960335392224664,94.00720179774058
76.41791044776119,641.8504856260821,582.2428156951114,75.0,1e-06,0.0,1.0,0.9795675496606476,0.04151059790263284,33.95591516751802,93.55810686936155
54.661921708185055,787.6592565901752,870.1970113380456,75.0,1e-06,0.0,1.0,0.9781898260081756,0.03842340049645241,33.948974122585824,93.04978479995609
70.0,0.0,0.0,0.0,1e-06,0.0,1.0,0.9810642570323161,0.03928807169175076,33.94712673085829,92.48309465563638
70.0,0.0,0.0,0.0,1e-06,0.0,1.0,0.9832501501406852,0.039729629319115535,33.94663155158821,91.85912195330687
70.0,0.0,0.0,0.0,1e-06,0.0,1.0,0.985584634174927,0.038045058205468496,33.93959049699687,91.1791745583733
70.0,0.0,0.0,0.0,1e-06,0.0,1.0,0.9845538412896404,0.04080571599084226,33.938989730595935,90.44477770553141
70.0,0.0,0.0,0.0,1e-06,0.0,1.0,0.9807149985761126,0.041422663036251334,33.93171267532403,89.65766816225668
70.0,0.0,0.0,0.0,1e-06,0.0,1.0,0.9826141625465415,0.04060495730607078,33.928193714228634,88.81978755800067
70.0,0.0,0.0,0.0,1e-06,0.0,1.0,0.981194930169885,0.04124920700876791,33.926943557646155,87.93327490539116
70.0,0.0,0.0,0.0,1e-06,0.0,1.0,0.9797568526931733,0.04088960649956731,33.91997804188915,87.00045834292337
70.0,0.0,0.0,0.0,1e-06,0.0,1.0,0.9819531612245016,0.0397922852943035,33.91439731382398,86.02384613169954
70.0,0.0,0.0,0.0,1e-06,0.0,1.0,0.981952679685443,0.04202035486445257,33.90941899430854,85.00611694172106
70.0,0.0,0.0,0.0,1e-06,0.0,1.0,0.981021635570057,0.042979780532701406,33.90413697040786,83.95010946603804
70.0,0.0,0.0,0.0,1e-06,0.0,1.0,0.9793342069276417,0.04485729386648444,33.899863774257426,82.85881140371592
70.0,0.0,0.0,0.0,1e-06,0.0,1.0,0.9782291584602073,0.044560788911661105,33.89769787452671,81.73534785506935
70.0,0.0,0.0,0.0,1e-06,0.0,1.0,0.976981089680174,0.04426581417205937,33.890497455315405,80.58296917493135
70.0,0.0,0.0,0.0,1e-06,0.0,1.0,0.9802416439236665,0.04330359007098269,33.887339909674225,79.4050383318671
70.0,0.0,0.0,0.0,1e-06,0.0,1.0,0.9825511640342136,0.04021390093404293,33.88288487671432,78.20501782319033
70.0,0.0,0.0,0.0,1e-06,0.0,1.0,0.983081905278518,0.04218087929725633,33.879391643789035,76.98645619739123
70.0,0.0,0.0,0.0,1e-06,0.0,1.0,0.9820872751841428,0.04196894170537725,33.87273053357216,75.75297423713916
70.0,0.0,0.0,0.0,1e-06,0.0,1.0,0.9769347678238549,0.04100440036223235,33.86812638795017,74.50825085735738
70.0,0.0,0.0,0.0,1e-06,0.0,1.0,0.9806242547401842,0.041414597202423,33.865202924609065,73.25600877399545
70.0,0.0,0.0,0.0,1e-06,0.0,1.0,0.9782341919506423,0.040066476838795856,33.86064311916179,72.00000000002768
70.0,0.0,0.0,0.0,1e-06,0.0,1.0,0.9786131825584496,0.0400233580394786,33.85927619973043,70.74399122588954
70.0,0.0,0.0,0.0,1e-06,0.0,1.0,0.9815047800706852,0.043108610769247574,33.85377268041246,69.49174914201751
70.0,0.0,0.0,0.0,1e-06,0.0,1.0,0.9796779943432941,0.04286016980898456,33.84765300690569,68.24702576139005
70.0,0.0,0.0,0.0,1e-06,0.0,1.0,0.979046039304799,0.04187661799121583,33.842396238115526,67.01354379996329
70.0,0.0,0.0,0.0,1e-06,0.0,1.0,0.9796377680818789,0.039717150239632334,33.8378925564125,65.79498217266955
70.0,0.0,0.0,0.0,1e-06,0.0,1.0,0.9787788385277141,0.03727846082818447,33.83458398164072,64.5949616621901
70.0,0.0,0.0,0.0,1e-06,0.0,1.0,0.9785391407104551,0.039699824055886374,33.83161176546348,63.41703081702937
70.0,0.0,0.0,0.0,1e-06,0.0,1.0,0.9795507899522191,0.04388176825824965,33.82983835306129,62.26465213451734
70.0,0.0,0.0,0.0,1e-06,0.0,1.0,0.9786333814067387,0.046709677187136506,33.82629586695389,61.14118858323823
70.0,0.0,0.0,0.0,1e-06,0.0,1.0,0.98158456548219,0.04721857816366594,33.821856139183154,60.049890518046
70.0,0.0,0.0,0.0,1e-06,0.0,1.0,0.9805436775651031,0.04452250968702241,33.81701396937489,58.99388303927841
70.0,0.0,0.0,0.0,1e-06,0.0,1.0,0.9808637345331862,0.04171019412106007,33.80920270253583,57.976153846025866
70.0,0.0,0.0,0.0,1e-06,0.0,1.0,1.0829810231859125,0.2395400174389247,33.80600778161673,56.99954163136511
70.0,0.0,0.0,0.0,1e-06,0.0,1.0,1.2447672118670816,0.32499202526205845,33.799221662370485,56.066725065325834
70.0,0.0,0.0,0.0,1e-06,0.0,1.0,1.40632392247791,0.3137246546800707,33.79585347259788,55.18021240904002
70.0,0.0,0.0,0.0,1e-06,0.0,1.0,1.5737048730470486,0.19707557274115817,33.79064645001698,54.342331801033794
70.0,0.0,0.0,0.0,1e-06,0.0,1.0,1.6370171286136237,0.05214760925140895,33.78619633501391,53.555222253967116
28.13186813186813,601.5625,1203.125,50.0,1e-06,0.0,1.0,1.636609544843504,0.05050808753339548,33.78221068327656,52.820825397324306
81.70212765957447,404.3223497408967,501.58440372732883,40.0,1e-06,0.0,1.0,1.6396823881503804,0.05275663830362316,33.77873880038567,52.140877998614364
90.0,316.5535708129738,372.7143888086426,44.44444444444444,1e-06,0.0,1.0,1.6366268401629531,0.05423378431547232,33.7756963599218,51.516905292567046
111.03614457831324,172.87332382241547,214.808235701055,50.0,1e-06,0.0,1.0,1.638105399627781,0.05377501738763362,33.77130482281885,50.9502151446224
125.21739130434783,173.2113452949572,190.45293756876376,40.0,1e-06,0.0,1.0,1.642036876707195,0.05244449461338966,33.76895704322574,50.44189307171909
126.41975308641975,161.8031746721441,167.75361707476435,31.25,1e-06,0.0,1.0,1.641313574029965,0.05110268257511679,33.76143099435404,49.992798140003345
124.67532467532467,180.44000041565064,153.77504151473067,26.666666666666668,1e-06,0.0,1.0,1.64022635548248,0.048073857320268684,33.75666462037073,49.603559755619536
101.29496402877697,293.79038538985697,181.61332120056613,36.36363636363637,1e-06,0.0,1.0,1.6347699798856783,0.048708629428959815,33.74811036391915,49.27457536121944
62.36658932714617,570.3114079525468,394.872737938018,71.42857142857143,1e-06,0.0,1.0,1.6305657090453263,0.04968405862861593,33.74153008511912,49.00600904725191
43.93592677345538,484.7881302692961,658.339308055694,80.0,1e-06,0.0,1.0,1.6301974501567749,0.048228464229613764,33.73891601307885,48.797791083485755
60.81447963800905,584.8384675816608,384.8531917064826,71.42857142857143,1e-06,0.0,1.0,1.6295106859952881,0.05061883838429913,33.732899364325874,48.64961837258627
97.77777777777779,325.72109886506854,219.75216864686456,36.36363636363637,1e-06,0.0,1.0,1.6327780148391122,0.05072649323993034,33.72919527704325,48.560955823926705
135.33039647577093,159.42812763392593,60.7837269203965,18.75,1e-06,0.0,1.0,1.6332415131662361,0.049330596753161746,33.72718019590193,48.53103864218553
146.04026845637583,89.32007803864957,68.7766283658555,11.76470588235294,1e-06,0.0,1.0,1.635525764691377,0.05071757147177292,33.723192545669406,48.55887552166931
148.29268292682926,77.86052880621463,63.46905003621844,5.263157894736842,1e-06,0.0,1.0,1.63431172241012,0.05050493990544931,33.718920262634185,48.64325273372609
142.80991735537188,81.17131755250666,75.03063099984762,11.11111111111111,1e-06,0.0,1.0,1.6317381857201423,0.04973710027107288,33.716430703928054,48.782739091092104
116.86956521739131,249.08153990291646,239.21288947375854,14.285714285714285,1e-06,0.0,1.0,1.633088843534992,0.052349136305564835,33.7092744380418,48.97569176955039
112.94117647058823,282.50980473733523,361.10318167041953,27.27272727272727,1e-06,0.0,1.0,1.6316660382099077,0.05138135694104642,33.704279987211024,49.22026296389991
96.40167364016736,357.26471290459904,510.2944156317998,50.0,1e-06,0.0,1.0,1.630437008623199,0.052686971409880705,33.69841959371319,49.514407351939546
70.0,0.0,0.0,0.0,1e-06,0.0,1.0,1.632739919901133,0.05310517164466765,33.68931806307667,49.855890336981865
70.0,0.0,0.0,0.0,1e-06,0.0,1.0,1.632174047102061,0.049581465326921204,33.68737052647822,50.242297036342364
70.0,0.0,0.0,0.0,1e-06,0.0,1.0,1.6316949612531202,0.0495455496601301,33.68195443432863,50.67104198030213
70.0,0.0,0.0,0.0,1e-06,0.0,1.0,1.6373651719214042,0.04913774033977422,33.68221870654307,51.13937948324041
70.0,0.0,0.0,0.0,1e-06,0.0,1.0,1.6380741730020432,0.048127350028649325,33.68057415624908,51.64441464598129
70.0,0.0,0.0,0.0,1e-06,0.0,1.0,1.6361822806763688,0.04871977945521442,33.673074804757235,52.18311494590578
70.0,0.0,0.0,0.0,1e-06,0.0,1.0,1.6370698458284179,0.048762039400428385,33.670595278692744,52.75232236906346
70.0,0.0,0.0,0.0,1e-06,0.0,1.0,1.63585166931101,0.048414421390778534,33.664812523974376,53.348766036376894
70.0,0.0,0.0,0.0,1e-06,0.0,1.0,1.6346102936866023,0.04692484502786453,33.66113906591019,53.96907527408411
70.0,0.0,0.0,0.0,1e-06,0.0,1.0,1.6363546637176185,0.048048038568752116,33.660860595999004,54.60979307680959
70.0,0.0,0.0,0.0,1e-06,0.0,1.0,1.6345791188334216,0.048120304218201966,33.65488125530973,55.26738991010653
70.0,0.0,0.0,0.0,1e-06,0.0,1.0,1.6357721040556863,0.04734913382116277,33.65116048250039,55.93827779797301
70.0,0.0,0.0,0.0,1e-06,0.0,1.0,1.6363780903510963,0.04984826185186427,33.64728781677269,56.618824639719236
70.0,0.0,0.0,0.0,1e-06,0.0,1.0,1.636839723282999,0.04910559499502068,33.6392920353103,57.30536869965996
70.0,0.0,0.0,0.0,1e-06,0.0,1.0,1.636212870220335,0.04951256960177345,33.63378634245221,57.994233212422586
70.0,0.0,0.0,0.0,1e-06,0.0,1.0,1.63270100295314,0.05229949311430982,33.630060130535576,58.68174104620635
70.0,0.0,0.0,0.0,1e-06,0.0,1.0,1.6337384581894456,0.05267087405067936,33.62778786926871,59.36422936610021
70.0,0.0,0.0,0.0,1e-06,0.0,1.0,1.6339505281831603,0.0535896031300638,33.6269057401007,60.03806423956412
70.0,0.0,0.0,0.0,1e-06,0.0,1.0,1.6350945055361095,0.05525593259628595,33.62467786965444,60.69965512641088
70.0,0.0,0.0,0.0,1e-06,0.0,1.0,1.6378436470271494,0.051117691497920024,33.621649587580265,61.34546919607852
70.0,0.0,0.0,0.0,1e-06,0.0,1.0,1.6347697526374478,0.05074426261951742,33.61479894867725,61.972045415666464
70.0,0.0,0.0,0.0,1e-06,0.0,1.0,1.6354982803057554,0.05156142794033606,33.609282571456916,62.576008353114574
70.0,0.0,0.0,0.0,1e-06,0.0,1.0,1.6367205171606232,0.049836346621235504,33.60365130280826,63.15408164102532
70.0,0.0,0.0,0.0,1e-06,0.0,1.0,1.636092748978105,0.05111968158670472,33.59627589332764,63.70310104797296
70.0,0.0,0.0,0.0,1e-06,0.0,1.0,1.635249122339585,0.050348504847387045,33.59108397847724,64.22002710569028
32.63456090651558,1674.396139076878,2589.982203124184,66.66666666666666,1e-06,0.0,1.0,1.6349141456061564,0.04873391504009428,33.58488191372811,64.70195724227676
56.94915254237288,1292.1427522605186,1505.8209537629853,57.14285714285714,1e-06,0.0,1.0,1.6355808379209533,0.04656027571540623,33.58166413177803,65.14613737352258
113.27433628318585,124.89253192745353,209.9546288619414,60.0,1e-06,0.0,1.0,1.638560792236735,0.048531810163068956,33.5804782682241,65.54997290658184
123.3404710920771,137.62620470761456,181.5941160695231,46.666666666666664,1e-06,0.0,1.0,1.6399481018260924,0.0515814452954475,33.5747770991359,65.91103911254588
139.3548387096774,115.19983559846592,127.27705421407177,27.77777777777778,1e-06,0.0,1.0,1.6395064584708634,0.0528215146057374,33.57218652574254,66.22709082696117
138.51703406813627,109.72235957269885,84.99229528229569,16.666666666666664,1e-06,0.0,1.0,1.6392189812753626,0.05318833461099912,33.56503697660906,66.49607143998712
137.7578475336323,131.6441023279599,79.26255158227833,25.0,1e-06,0.0,1.0,1.6330654232864257,0.05178396281575913,33.55435149895888,66.71612114069278
115.19999999999999,205.25063015872948,104.17850311539149,33.33333333333333,1e-06,0.0,1.0,1.6313882522502952,0.05132804741484866,33.553338432658755,66.88558438293707
68.74680306905371,545.2097459618974,455.4984535054245,71.42857142857143,1e-06,0.0,1.0,1.6293987334900577,0.0503148966670276,33.54898484425429,67.00301654334666
44.13793103448276,513.0142237306876,686.8782700104146,80.0,1e-06,0.0,1.0,1.6263113870613655,0.0512967569674348,33.545156400241474,67.06718974509702
56.708860759493675,601.5531820773181,360.053706931341,71.42857142857143,1e-06,0.0,1.0,1.6305936096070623,0.05321980471569807,33.54351436012234,67.07709782449312
90.83870967741936,410.00725968678626,259.91096732823723,36.36363636363637,1e-06,0.0,1.0,1.6343334573371078,0.05058660300278094,33.536978816547844,67.0319604207295
126.16016427104722,196.32306919350714,110.85310757183731,25.0,1e-06,0.0,1.0,1.6337873644541028,0.049388312223223284,33.530651761475,66.93122617267139
135.4356846473029,121.14235581320152,93.50554065301425,17.647058823529413,1e-06,0.0,1.0,1.6342154671478115,0.04977489379927174,33.52607340789096,66.77457501002141
140.20283975659228,112.20772325376365,127.95226878893276,27.77777777777778,1e-06,0.0,1.0,1.6319570449140213,0.04917740242653632,33.52358159209112,66.56191952981159
130.02257336343115,136.3191083654656,167.8194415297499,40.0,1e-06,0.0,1.0,1.631494529446603,0.050777994405003496,33.522115289093044,66.29340545277094
117.15254237288134,128.37834407872327,200.25008778087962,55.55555555555556,1e-06,0.0,1.0,1.6322660882279818,0.05196548812988756,33.51822112595368,65.96941115774911
119.25465838509317,136.716517838921,224.39697838039174,60.0,1e-06,0.0,1.0,1.6356309885409597,0.05197818849976366,33.515337077340256,65.59054629601694
31.604938271604937,1179.6875,2359.375,50.0,1e-06,0.0,1.0,1.6376857530783218,0.05102672517613106,33.507322330211096,65.15764949089537
70.0,0.0,0.0,0.0,1e-06,0.0,1.0,1.635954992181901,0.050372707677884716,33.499761293848316,64.67178513177433
70.0,0.0,0.0,0.0,1e-06,0.0,1.0,1.6378272402772345,0.05186243213288336,33.495094592165,64.13423927515825
70.0,0.0,0.0,0.0,1e-06,0.0,1.0,1.6350309110212549,0.05041016123224662,33.48891311540887,63.54651466889851
70.0,0.0,0.0,0.0,1e-06,0.0,1.0,1.6339194846809613,0.0517623772993952,33.48670216995462,62.91032491923398
70.0,0.0,0.0,0.0,1e-06,0.0,1.0,1.6351038572179801,0.05196968746047994,33.48109766027026,62.22758782364477
70.0,0.0,0.0,0.0,1e-06,0.0,1.0,1.6320704487445923,0.05175483033805733,33.47672654007134,61.50041789581603
70.0,0.0,0.0,0.0,1e-06,0.0,1.0,1.6349007935769777,0.05489310612736356,33.47349003993339,60.73111811219716
70.0,0.0,0.0,0.0,1e-06,0.0,1.0,1.6381229887601934,0.054478462571749514,33.469339147023774,59.92217091271545
70.0,0.0,0.0,0.0,1e-06,0.0,1.0,1.6383628634589642,0.053523805662097516,33.46331632585777,59.07622849114492
70.0,0.0,0.0,0.0,1e-06,0.0,1.0,1.641629000884848,0.05496971114236114,33.456611873564285,58.196102413437025
70.0,0.0,0.0,0.0,1e-06,0.0,1.0,1.6413120445947773,0.05402299918391883,33.454689643846656,57.284752604971075
70.0,0.0,0.0,0.0,1e-06,0.0,1.0,1.6367844195218972,0.05454145164416807,33.450203770772994,56.34527575017329
70.0,0.0,0.0,0.0,1e-06,0.0,1.0,1.6364398615365774,0.05450390259414842,33.4484287053296,55.38089315027344
70.0,0.0,0.0,0.0,1e-06,0.0,1.0,1.6343679228587802,0.051490884644893625,33.445358823363385,54.3949380871068
70.0,0.0,0.0,0.0,1e-06,0.0,1.0,1.6314217948789862,0.05220603643909251,33.43468369980322,53.390842742817036
70.0,0.0,0.0,0.0,1e-06,0.0,1.0,1.6325243936288585,0.05230426399287675,33.427360720033505,52.372124727072524
70.0,0.0,0.0,0.0,1e-06,0.0,1.0,1.6325807692961392,0.05218317952764305,33.424059876509936,51.34237326495374
70.0,0.0,0.0,0.0,1e-06,0.0,1.0,1.6367042208375784,0.05522773905241948,33.41922595584276,50.305235100011316
70.0,0.0,0.0,0.0,1e-06,0.0,1.0,1.6401466264601814,0.05372130527852411,33.4171160989989,49.26440016811884
70.0,0.0,0.0,0.0,1e-06,0.0,1.0,1.6441549628178345,0.052517315385768044,33.41369674505508,48.22358709864709
70.0,0.0,0.0,0.0,1e-06,0.0,1.0,1.64407019097357,0.052727117249254295,33.4102043290892,47.186528600171975
70.0,0.0,0.0,0.0,1e-06,0.0,1.0,1.6411527451684957,0.050701196248679234,33.406800854471975,46.156956788380846
70.0,0.0,0.0,0.0,1e-06,0.0,1.0,1.640373062160911,0.05058222371421453,33.40466269234371,45.13858851407247
70.0,0.0,0.0,0.0,1e-06,0.0,1.0,1.6376634989879284,0.05120896188766305,33.40246791552737,44.1351107491457
70.0,0.0,0.0,0.0,1e-06,0.0,1.0,1.5769144861507955,0.19681011004412607,33.397541330071746,43.150166088241846
70.0,0.0,0.0,0.0,1e-06,0.0,1.0,1.412305898169332,0.3161345314630811,33.392823784877336,42.18733842325244
70.0,0.0,0.0,0.0,1e-06,0.0,1.0,1.2480753761888885,0.32486646928151114,33.38711111196184,41.250138847219375
70.0,0.0,0.0,0.0,1e-06,0.0,1.0,1.084813080873684,0.24068860786702606,33.38292966860679,40.34199184325142
70.0,0.0,0.0,0.0,1e-06,0.0,1.0,0.9820808090728572,0.040794859080090055,33.37774812262606,39.46622181295589
70.0,0.0,0.0,0.0,1e-06,0.0,1.0,0.9804095951896588,0.03971832751968328,33.37480777024187,38.626039997543906
70.0,0.0,0.0,0.0,1e-06,0.0,1.0,0.9781685205011105,0.041299058396781795,33.37124029093491,37.82453184322075
70.0,0.0,0.0,0.0,1e-06,0.0,1.0,0.976920152513066,0.04101271286887174,33.36796036672169,37.064644860716804
70.0,0.0,0.0,0.0,1e-06,0.0,1.0,0.9788281278596486,0.04017093237124551,33.360840783879425,36.34917702686701
70.0,0.0,0.0,0.0,1e-06,0.0,1.0,0.9822976702746214,0.041668100461198745,33.355211643770616,35.68076577400704
106.66666666666667,142.064392676936,288.11076429040276,66.66666666666666,1e-06,0.0,1.0,0.9857321397240675,0.04322846421257597,33.348930810925395,35.06187761063435
107.09163346613546,128.9630073719133,230.876669367724,71.42857142857143,1e-06,0.0,1.0,0.9843943808586012,0.043255407544038886,33.34249171864538,34.49479841429305
112.64000000000001,125.61188050814854,210.09670392464514,63.63636363636363,1e-06,0.0,1.0,0.9845387035206206,0.04363622769262205,33.3384060383019,33.981624434987125
126.03938730853392,135.11986705226667,168.0790231876491,40.0,1e-06,0.0,1.0,0.9824990631007243,0.04506095623794266,33.33435496409716,33.524254044623504
128.0,113.88577919619728,118.10405458041369,37.5,1e-06,0.0,1.0,0.9795967949815121,0.043789401812022136,33.32946982071077,33.12438026504329
125.42713567839195,144.3208853090589,101.46229030613623,38.46153846153847,1e-06,0.0,1.0,0.9785344525606957,0.04371716864152771,33.32302013486579,32.78348410412537
86.20408163265306,462.954880171254,245.06854908372065,54.54545454545454,1e-06,0.0,1.0,0.9772084386689626,0.04371793260472675,33.315129372633635,32.50282872625998
61.19521912350598,442.33861706665124,404.18430864785296,87.5,1e-06,0.0,1.0,0.978472318782154,0.04154849317306645,33.30623605770069,32.28345448019581
60.0,470.9768533893905,387.43489036331425,71.42857142857143,1e-06,0.0,1.0,0.9784574296288052,0.041201442448339516,33.30359928354704,32.126174803881355
109.71428571428571,272.18666827448334,154.1261911957212,36.36363636363637,1e-06,0.0,1.0,0.9838897261235815,0.04272397578174792,33.29830691633501,32.03157302246075
130.80291970802918,148.30317499086945,97.38544182189736,28.57142857142857,1e-06,0.0,1.0,0.984470449774665,0.043309845928793424,33.298248130028654,32.00000005205955
130.16949152542372,131.89017981354792,108.02741260902253,31.25,1e-06,0.0,1.0,0.9837421437210203,0.04338988088848452,33.299801221160514,32.03157301842154
117.37991266375546,258.6686657390185,279.8106867735618,35.714285714285715,1e-06,0.0,1.0,0.9854726254314399,0.04277316674328608,33.2959465691544,32.126174795847895
95.5223880597015,271.4256343826058,372.7871632677582,60.0,1e-06,0.0,1.0,0.9834326726332308,0.04100690858807996,33.2943171014272,32.28345446825775
85.97014925373135,307.46816964886335,476.5496924508503,50.0,1e-06,0.0,1.0,0.9826192447889996,0.04072572447092955,33.28937081141562,32.50282871055109
56.888888888888886,242.1875,484.375,50.0,1e-06,0.0,1.0,0.9821636130685258,0.0415485047105629,33.28376528658749,32.783484084822575
70.0,0.0,0.0,0.0,1e-06,0.0,1.0,0.982735438829708,0.04332372531569696,33.27425884794978,33.124380242365596
70.0,0.0,0.0,0.0,1e-06,0.0,1.0,0.9844343018101764,0.04343603965652559,33.26758247581354,33.52425401883048
70.0,0.0,0.0,0.0,1e-06,0.0,1.0,0.9856659453376961,0.044145855369816835,33.26519892969137,33.981624406377215
70.0,0.0,0.0,0.0,1e-06,0.0,1.0,0.9887018877906064,0.043733814278112355,33.26053555653851,34.49479838320176
70.0,0.0,0.0,0.0,1e-06,0.0,1.0,0.988139990845379,0.04189897255353535,33.25875289425192,35.061877577431694
70.0,0.0,0.0,0.0,1e-06,0.0,1.0,0.9871923389426288,0.04331140844056175,33.259156189560414,35.68076573909535
70.0,0.0,0.0,0.0,1e-06,0.0,1.0,0.9849069475628958,0.04238687560153226,33.25322635996228,36.349176990678096
70.0,0.0,0.0,0.0,1e-06,0.0,1.0,0.9825486293676121,0.04273641891286993,33.24629621436162,37.064644823709095
70.0,0.0,0.0,0.0,1e-06,0.0,1.0,0.9830972436261233,0.04393556089971201,33.24494625595935,37.82453180587639
70.0,0.0,0.0,0.0,1e-06,0.0,1.0,0.981168031816775,0.04356419297785232,33.23784685265731,38.62603996036516
70.0,0.0,0.0,0.0,1e-06,0.0,1.0,0.9808659696348123,0.043104840394245364,33.233121619461215,39.46622177646189
70.0,0.0,0.0,0.0,1e-06,0.0,1.0,0.981225642449489,0.043743239659016074,33.228585657830266,40.341991807974644
70.0,0.0,0.0,0.0,1e-06,0.0,1.0,0.9802891980729316,0.04487950475085404,33.223221021515485,41.25013881370179
70.0,0.0,0.0,0.0,1e-06,0.0,1.0,0.9794824378896969,0.04467918474257307,33.21747223537304,42.1873383920421
70.0,0.0,0.0,0.0,1e-06,0.0,1.0,0.9808444047053444,0.044776964857842196,33.21514637078606,43.150166059888555
